id,drawing_number,revision,part_name,customer_name,item_code,r2_key,file_name,type,is_active,created_at,created_by,issue_date,package_size,oil_group,pallet_type,boxes_per_pallet,shelf_life,item_number
019c0a9d-43dd-49ef-aacc-216269fd2f76,D-0280,00,ENEOS Eco Plus CF 40,ENEOS,40001420,drawing/D-0280_rev00_1784096721192.pdf,40001420 D-0280 rev.00 ENEOS Eco Plus CF 40.pdf,drawing,true,2026-07-15 06:25:21.871688+00,yeanyeen,2024-10-08,6 x 3 L.,ENGINE OIL,,30,,
02908eb0-fd4f-4a6f-802b-471f122fa6b1,SM-OR-0031,00,PTT HINO GEAR OIL GP 80W90 GL-4,PTTOR,407697,master/SM-OR-0031_rev0_1784528497511.pdf,407697 SM-OR-0031 rev.0 PTT HINO GEAR OIL GP 80W90 GL-4.pdf,master,true,2026-07-20 06:21:39.014624+00,yeanyeen,2026-03-19,5 x 6 L.,GEAR OIL,พลาสติก,24,5 years,61653013A700A
03ae3921-87aa-4d28-9f1a-c8044e1f878d,D-0072,00,YAMALUBE RS4GP 10W40 (90793-AT500-C0),ENEOS,40002089,drawing/D-0072_rev00_1784278907472.pdf,40002089 D-0072 rev.00 YAMALUBE RS4GP 10W40 (90793-AT500-C0).pdf,drawing,true,2026-07-17 09:01:49.425984+00,yeanyeen,2026-07-15,1 x 12 L.,ENGINE OIL,,50,2 years,
06a6ca7a-5fd2-48dd-a68a-fd85c02d52a8,D-0152,04,HONDA P. GOLD 4T JASO MA 10W-30-New design (08233-2MAK1LT3),ENEOS,40001659,drawing/D-0152_rev04_1784088594753.pdf,40001659 D-0152 rev.04 HONDA P. GOLD 4T JASO MA 10W-30-New design (08233-2MAK1LT3).pdf,drawing,true,2026-07-15 04:09:55.812883+00,yeanyeen,2024-03-21,1 x 12 L.,ENGINE OIL,,55,,
0786bfa3-f0ac-402a-be4d-95aa5149212f,D-0333,01,ENEOS FLUSHING OIL,ENEOS,40001713,drawing/D-0333_rev01_1784096100003.pdf,40001713 D-0333 rev.01 ENEOS FLUSHING OIL.pdf,drawing,true,2026-07-15 06:15:01.206032+00,yeanyeen,2023-08-29,6 x 3 L.,ENGINE OIL,ไม้,30,,
0799ab9d-d7be-49b8-81bc-7de4ac30ad65,D-0397,01,ENEOS X 5W-40 SP PREMIUM FULLY SYN,ENEOS,40001842,drawing/D-0397_rev01_1783931599213.pdf,40001842 D-0397 rev.01 ENEOS X 5W-40 SP PREMIUM FULLY SYN.pdf,drawing,true,2026-07-13 08:33:20.096459+00,yeanyeen,2024-10-08,4 x 4 + 1 L.,,,32,,
0bea111e-b6c2-43dc-94dc-bc2bc9b9cbd1,D-0376,03,ENEOS DIESEL PLUS CI-4 10W-30,ENEOS,40001809,drawing/D-0376_rev03_1784096124882.pdf,40001809 D-0376 rev.03 ENEOS DIESEL PLUS CI-4 10W-30.pdf,drawing,false,2026-07-15 06:15:26.347455+00,yeanyeen,2026-01-26,1 x 18 + 3 L.,ENGINE OIL,,24,4 years,
0e2d366c-4b54-4701-8be5-ea512aa368f8,D-0443,01,YAMALUBE SN MB 10W-40 Full syn,ENEOS,40002086,drawing/D-0443_rev01_1784008959400.pdf,40002086 D-0443 rev.01 YAMALUBE SN MB 10W-40 Full syn.pdf,drawing,true,2026-07-14 06:02:40.742566+00,yeanyeen,2026-05-26,1 x 12 L.,ENGINE OIL,,50,2 years,
136618f0-b264-44ca-bf22-61ffd8cbb625,D-0409,01,Honda Marine Gear Oil GL-4 90,ENEOS,40001923,drawing/D-0409_rev01_1783931613337.pdf,40001923 D-0409 rev.01 Honda Marine Gear Oil GL-4 90.pdf,drawing,false,2026-07-13 08:33:34.059947+00,yeanyeen,2024-12-17,1 x 24 L.,GEAR OIL,,,,
13d1bac6-db4b-494a-90a6-2c2eaaf2e488,D-0325,00,METAL CAN YAMALUBE SN MB 10W-40 Full syn,ENEOS,40001710,drawing/D-0325_rev00_1784096097045.pdf,40001710 D-0325 rev.00 METAL CAN YAMALUBE SN MB 10W-40 Full syn.pdf,drawing,true,2026-07-15 06:14:58.069482+00,yeanyeen,2021-06-08,1 x 12 L.,ENGINE OIL,,,,
14799f5e-857f-4ca5-b09c-40bce45460ef,D-0276,01,HONDA MARINE OIL 5W40,ENEOS,40002099,drawing/D-0276_rev01_1784008954776.pdf,40002099 D-0276 rev.01 HONDA MARINE OIL 5W40.pdf,drawing,false,2026-07-14 06:02:36.149209+00,yeanyeen,2026-05-19,4 x 4 L.,ENGINE OIL,,40,2 years,
14bdfbc0-8a5b-4359-9fb2-9c4532c5cc9b,D-0291,01,ENEOS GEAR OIL GL-4 75W-90,ENEOS,40001584,drawing/D-0291_rev01_1784088569760.pdf,40001584 D-0291 rev.01 ENEOS GEAR OIL GL-4 75W-90.pdf,drawing,true,2026-07-15 04:09:33.197893+00,yeanyeen,2024-10-31,4 x 4 L.,GEAR OIL,ไม้,40,2 years,
152de9d9-b1fd-4077-ba11-52aadc152f10,SM-OR-0020,00,PTT GL-1 #140 NP,PTTOR,404286,master/SM-OR-0020_rev0_1784528484530.pdf,404286 SM-OR-0020 rev.0 PTT GL-1 #140 NP.pdf,master,true,2026-07-20 06:21:25.4788+00,yeanyeen,2025-09-05,5 x 4 L.,GEAR OIL,พลาสติก,40,5 years,61653016B701A
166cd747-a663-492e-8335-a4c328c6fe72,D-0406,01,"ENEOS X PRIME 5W-40 API SP, ACEA C3-21 +POLO",ENEOS,40001912,drawing/D-0406_rev01_1783931609148.pdf,"40001912 D-0406 rev.01 ENEOS X PRIME 5W-40 API SP, ACEA C3-21 +POLO.pdf",drawing,true,2026-07-13 08:33:29.83654+00,yeanyeen,2025-01-29,4 x 4 + 1 L.,,,24,,
177d0006-dcee-4857-8691-0a4103090396,D-0153,02,HONDA PROTECH 4T JASO MA 30,ENEOS,40001657,drawing/D-0153_rev02_1784088592092.pdf,40001657 D-0153 rev.02 HONDA PROTECH 4T JASO MA 30.pdf,drawing,true,2026-07-15 04:09:53.124858+00,yeanyeen,2021-07-16,0.7 x 12 L.,ENGINE OIL,,,,
1881a5c9-8729-4ce1-8996-7a4f3502e9f8,D-0180,01,ENEOS DIESEL PLUS CI-4 20W-50,ENEOS,40001429,drawing/D-0180_rev01_1784096724135.pdf,40001429 D-0180 rev.01 ENEOS DIESEL PLUS CI-4 20W-50.pdf,drawing,true,2026-07-15 06:25:24.752672+00,yeanyeen,2022-08-19,1 x 12 L.,ENGINE OIL,ไม้,20,,
1891ad6b-00bf-4650-8462-9fcd5361d32f,D-0417,02,ENEOS SUPER FULLY SYN COMMONRAJL 5W-40+PREMIUM,ENEOS,40001939,drawing/D-0417_rev02_1783928225598.pdf,40001939 D-0417 rev.02 ENEOS SUPER FULLY SYN COMMONRAJL 5W-40+PREMIUM.pdf,drawing,false,2026-07-13 07:37:06.680681+00,yeanyeen,2026-03-05,3 x 6 + 1 L.,,,18,4 years,
1a365417-707e-4f11-a464-59e447ccff15,D-0345,00,ENEOS 0W-20 SP ECO FULLY SYN,ENEOS,40001767,drawing/D-0345_rev00_1784096105622.pdf,40001767 D-0345 rev.00 ENEOS 0W-20 SP ECO FULLY SYN.pdf,drawing,true,2026-07-15 06:15:06.817558+00,yeanyeen,2022-04-11,4 x 3 + 1 L.,ENGINE OIL,,,,
1b46c118-f940-435d-99e3-bce8d515125b,E-0040,01,ENEOS DIESEL OIL GRAND CI-4/SL 15W40,ENEOS,40001497,drawing/E-0040_rev01_1784096746034.pdf,40001497 E-0040 rev.01 ENEOS DIESEL OIL GRAND CI-4/SL 15W40.pdf,drawing,true,2026-07-15 06:25:46.642108+00,yeanyeen,2023-12-26,4 x 5 L.,ENGINE OIL,,,,
1ca144c0-40a1-4cdf-85ef-ea54b6328c53,D-0409,01,Honda Marine Gear Oil GL-4 90,ENEOS,40001923,drawing/D-0409_rev01_1783931614325.pdf,40001923 D-0409 rev.01 Honda Marine Gear Oil GL-4 90.pdf,drawing,true,2026-07-13 08:33:35.037649+00,yeanyeen,2024-12-17,1 x 12 L.,GEAR OIL,,12,,
1ddfa2cc-4783-45b8-a421-7ae7c72b2a66,SM-OR-0027,00,PTT GL-1 #90 NP,PTTOR,404283,master/SM-OR-0027_rev0_1784528493579.pdf,404283 SM-OR-0027 rev.0 PTT GL-1 #90 NP.pdf,master,true,2026-07-20 06:21:34.635296+00,yeanyeen,2025-10-06,1 x 10 L.,GEAR OIL,พลาสติก,96,5 years,61653002B792A
1f2b1b3b-b9b5-46c1-aad8-fb54561a3465,D-0120,02,HONDA FINAL GEAR OIL (08268-M99K0ZT3),ENEOS,40001664,drawing/D-0120_rev02_1784096078970.pdf,40001664 D-0120 rev.02 HONDA FINAL GEAR OIL (08268-M99K0ZT3).pdf,drawing,true,2026-07-15 06:14:40.391719+00,yeanyeen,2022-03-08,0.12 x 24 L.,GEAR OIL,,,,
2038eaa4-e5ee-455b-ac0d-70681d9fffa1,SM-OR-0016,00,"PTT GL-1 #90 (24/0.25L) ""EXPORT""",PTTOR,409342,master/SM-OR-0016_rev0_1784528480284.pdf,"409342 SM-OR-0016 rev.0 PTT GL-1 #90 (24/0.25L) ""EXPORT"".pdf",master,true,2026-07-20 06:21:21.316078+00,yeanyeen,2025-09-05,0.25 x 24 L.,GEAR OIL,พลาสติก,80,5 years,61653002A769E
21588b73-a2e6-4d7a-8279-05062f4722db,D-0382,00,ENEOS GEAR OIL GL-5 85W-140,ENEOS,40001836,drawing/D-0382_rev00_1783929095777.pdf,40001836 D-0382 rev.00 ENEOS GEAR OIL GL-5 85W-140.pdf,drawing,false,2026-07-13 07:51:36.678277+00,yeanyeen,2023-05-24,5 x 4 L.,GEAR OIL,,32,,
224073cc-e149-4995-b4ae-76ef7bcbc585,E-0093,00,PRO HONDA STANDARD MA 10W30 (EXPORT),ENEOS,40002002,drawing/E-0093_rev00_1783928509809.pdf,40002002 E-0093 rev.00 PRO HONDA STANDARD MA 10W30 (EXPORT).pdf,drawing,false,2026-07-13 07:41:50.873009+00,yeanyeen,2025-05-08,1 x 12 L.,,,55,,
22b82ecd-6c04-4fed-9fe6-961a5da0c919,D-0211,07,SUZUKI ECSTAR V5000 10W-40,ENEOS,40001446,drawing/D-0211_rev07_1784096736858.pdf,40001446 D-0211 rev.07 SUZUKI ECSTAR V5000 10W-40.pdf,drawing,true,2026-07-15 06:25:37.49119+00,yeanyeen,2024-09-20,4 x 4 L.,ENGINE OIL,,40,,
22e905b2-1399-4a4b-9168-d4277fd5435f,D-0385,01,ENEOS POWER 4T JASO MA 20W-40,ENEOS,40001811,drawing/D-0385_rev01_1783929076958.pdf,40001811 D-0385 rev.01 ENEOS POWER 4T JASO MA 20W-40.pdf,drawing,false,2026-07-13 07:51:18.02368+00,yeanyeen,2023-12-26,0.8 x 12 L.,ENGINE OIL,ไม้,55,,
255965a0-0c6f-40c9-8034-901aefe41c16,D-0414,00,ENEOS GEAR OIL GL-4 75W-90 (Nose Cone),ENEOS,40001929,drawing/D-0414_rev00_1783931615280.pdf,40001929 D-0414 rev.00 ENEOS GEAR OIL GL-4 75W-90 (Nose Cone).pdf,drawing,true,2026-07-13 08:33:36.234064+00,yeanyeen,2024-08-30,1 x 12 L.,GEAR OIL,,40,,
27701c96-f2a4-4915-9740-6b31a5c2d962,E-0088,00,New Multi Gear Eco GL-4 SAE 75W-80 TGO-9 (Mexico),ENEOS,40001521,drawing/E-0088_rev00_1784096749810.pdf,40001521 E-0088 rev.00 New Multi Gear Eco GL-4 SAE 75W-80 TGO-9 (Mexico).pdf,drawing,true,2026-07-15 06:25:50.454574+00,yeanyeen,2024-10-04,1 x 24 L.,GEAR OIL,ไม้,24,,
27e45066-92d4-4584-8195-7fc453598d29,D-0313,02,NISSAN PSFII POWER STEERING FLUID,ENEOS,40001066,drawing/D-0313_rev02_1784795682235.pdf,40001066 D-0313 rev.02 NISSAN PSFII POWER STEERING FLUID.pdf,drawing,true,2026-07-23 08:34:44.595933+00,yeanyeen,2025-03-10,0.5 x 12 L.,,,50,,
2806f476-a16d-4331-ba02-d61daa845077,D-0425,00,ENEOS DEPOSIT CLEANER -DIESEL,ENEOS,40001963,drawing/D-0425_rev00_1783928240016.pdf,40001963 D-0425 rev.00 ENEOS DEPOSIT CLEANER -DIESEL.pdf,drawing,true,2026-07-13 07:37:21.336814+00,yeanyeen,2024-11-09,200 ML X 12,,,130,,
2a8c83e6-cf5a-4175-a6f9-c5eac9bae35e,E-0094,00,1*12/1L Pro Honda Racing MA10W-40,ENEOS,40002003,drawing/E-0094_rev0_1783928512305.pdf,40002003 E-0094 rev.0 1*12/1L Pro Honda Racing MA10W-40.pdf,drawing,true,2026-07-13 07:41:53.205614+00,yeanyeen,2025-04-11,1 x 12 L.,,,,,
2aa5c143-847a-4376-b657-be5b8cf1368a,SM-OR-0025,00,PTT V-120 #40 NP (4/5L),PTTOR,404107,master/SM-OR-0025_rev0_1784528490896.pdf,404107 SM-OR-0025 rev.0 PTT V-120 #40 NP (4/5L).pdf,master,true,2026-07-20 06:21:31.927204+00,yeanyeen,2025-10-06,4 x 5 L.,ENGINE OIL,พลาสติก,40,5 years,61651014B701A
2accdf80-f137-46bb-bce0-6f5e8776cd70,D-0201,02,ENEOS TOP RACING SN 10W-30 + T-shirt,ENEOS,40001442,drawing/D-0201_rev02_1784096726540.pdf,40001442 D-0201 rev.02 ENEOS TOP RACING SN 10W-30 + T-shirt.pdf,drawing,true,2026-07-15 06:25:27.164358+00,yeanyeen,2021-09-21,4 x 4 + 1 L.,ENGINE OIL,,,,
2b4609e1-f228-4fa0-8a95-cee29462d9d2,E-0089,00,Super Hyp Oil Eco GL-5 SAE 80 (Mexico),ENEOS,40001520,drawing/E-0089_rev00_1784096749072.pdf,40001520 E-0089 rev.00 Super Hyp Oil Eco GL-5 SAE 80 (Mexico).pdf,drawing,true,2026-07-15 06:25:49.701818+00,yeanyeen,2024-10-04,1 x 24 L.,GEAR OIL,ไม้,24,,
2b8c096b-d8e3-4a7d-83b7-3a967946544d,D-0442,00,Yamalube 4AT MB SAE40,ENEOS,40002085,drawing/D-0442_rev00_1783928524522.pdf,40002085 D-0442 rev.00 Yamalube 4AT MB SAE40.pdf,drawing,false,2026-07-13 07:42:05.615932+00,yeanyeen,2026-03-17,0.8 x 12 L.,ENGINE OIL,,55,2 years,
2b97c9ca-9aa8-4aa0-a245-01d0e2c4a8bb,SM-OR-0014,00,PTT CHALLENGER GEAR-AT,PTTOR,,master/SM-OR-0014_rev0_1784528479026.pdf,SM-OR-0014 rev.0 PTT CHALLENGER GEAR-AT.pdf,master,true,2026-07-20 06:21:19.966615+00,yeanyeen,2025-11-29,1 x 1 L.,GEAR OIL,,,5 years,1-616570041356
2bbbed9b-504d-40e3-9af9-363635b28121,D-0419,01,Base oil 150SN,ENEOS,40000132,drawing/D-0419_rev01_1783993638513.pdf,40000132 D-0419 rev.01 Base oil 150SN.pdf,drawing,true,2026-07-14 01:47:19.514044+00,yeanyeen,2026-02-19,200 L.,ENGINE OIL,,,,
2cda8c14-bf39-4e6d-ba40-a1accf544007,E-0085,00,ENEOS COMMONRAIL FULLY SYN 5W-30 CJ-4 (Export),ENEOS,40001944,drawing/E-0085_rev00_1783928228160.pdf,40001944 E-0085 rev.00 ENEOS COMMONRAIL FULLY SYN 5W-30 CJ-4 (Export).pdf,drawing,false,2026-07-13 07:37:09.134317+00,yeanyeen,2024-09-11,1 x 24 L.,ENGINE OIL,,24,,
2d08d2b8-63b3-4557-8afa-2ca62fd27425,D-0409,00,Honda Marine Gear Oil GL-4 90,ENEOS,40001923,drawing/D-0409_rev00_1783931612220.pdf,40001923 D-0409 rev.00 Honda Marine Gear Oil GL-4 90.pdf,drawing,false,2026-07-13 08:33:32.916284+00,yeanyeen,2024-08-23,1 x 12 L.,GEAR OIL,CHEP,33,,
2eabdf88-0c8f-46e3-844c-b5a428d934a1,D-0438,01,ENEOS 4AT MB+SCOOTER GEAR OIL+P(NEW),ENEOS,40002028,drawing/D-0438_rev01_1783928513376.pdf,40002028 D-0438 rev.01 ENEOS 4AT MB+SCOOTER GEAR OIL+P(NEW).pdf,drawing,false,2026-07-13 07:41:54.375251+00,yeanyeen,2026-02-23,0.8 x 12 + 120 L.,GEAR OIL,,40,4 years,
301e41c1-d1e3-4a75-b284-d2ac3fef1f39,D-0373,04,ENEOS 4AT MB 10W40 + Premium,ENEOS,40001828,drawing/D-0373_rev04_1783993635584.pdf,40001828 D-0373 rev.04 ENEOS 4AT MB 10W40 + Premium.pdf,drawing,true,2026-07-14 01:47:16.871061+00,yeanyeen,2026-02-23,0.8 x 12 L.,ENGINE OIL,,55,4 years,
322c4e6f-c920-47d9-b398-f5e1367d129e,D-0327,00,SUZUKI ATF AW-1,ENEOS,40001460,drawing/D-0327_rev00_1784096739772.pdf,40001460 D-0327 rev.00 SUZUKI ATF AW-1.pdf,drawing,true,2026-07-15 06:25:40.432393+00,yeanyeen,2023-07-19,1 x 12 L.,GEAR OIL,,12,,
32b074dd-90c5-43ea-a68e-f3a2913d38b0,E-0071,00,HONDA FINAL GEAR OIL(08268-M99K0ZA3)-EXP Myanmar,ENEOS,40001820,drawing/E-0071_rev00_1783929079795.pdf,40001820 E-0071 rev.00 HONDA FINAL GEAR OIL(08268-M99K0ZA3)-EXP Myanmar.pdf,drawing,true,2026-07-13 07:51:20.813744+00,yeanyeen,2022-12-09,0.12 x 12 L.,GEAR OIL,,,,
32c022da-16f3-4581-b37d-51230309bce0,E-0081,00,ENEOS X PRIME 0W-20 (Export),ENEOS,40001946,drawing/E-0081_rev00_1783928231797.pdf,40001946 E-0081 rev.00 ENEOS X PRIME 0W-20 (Export).pdf,drawing,true,2026-07-13 07:37:13.223314+00,yeanyeen,2024-09-11,1 x 12 L.,,,,,
35670a57-aeff-4448-b090-de003a6b77e5,D-0135,03,ENEOS MOTO MA SAE 10W-40 +T shirt 4/Ctn,ENEOS,40001376,drawing/D-0135_rev03_1784096317403.pdf,40001376 D-0135 rev.03 ENEOS MOTO MA SAE 10W-40 +T shirt 4/Ctn.pdf,drawing,true,2026-07-15 06:18:38.92058+00,yeanyeen,2020-11-02,0.8 x 12 L.,ENGINE OIL,,,,
36f0061d-2d50-43d1-b50c-2b8f3b60a5a2,D-0156,04,DIAMOND ATF SP III,ENEOS,40000468,drawing/D-0156_rev04_1783570728675.pdf,40000468 D-0156 rev.04 DIAMOND ATF SP III.pdf,drawing,true,2026-07-09 04:18:51.498935+00,yeanyeen,2022-12-21,5 x 6 L.,,,,,
37ef2128-b94f-4eb1-a745-634d6d4a4233,D-0183,01,ENEOS DIESEL PLUS CI-4 15W-40,ENEOS,40001482,drawing/D-0183_rev01_1784096744435.pdf,40001482 D-0183 rev.01 ENEOS DIESEL PLUS CI-4 15W-40.pdf,drawing,true,2026-07-15 06:25:45.055796+00,yeanyeen,2021-03-18,6 x 3 + 1 L.,ENGINE OIL,ไม้,20,,
38c4abb7-7e42-4e72-a790-d6e68fdca009,SM-ENTH-0014,00,DAIMOND ATF SP III (Domestic)40000468,ENEOS,40000468,master/SM-ENTH-0014_rev0_1784272771448.pdf,40000468 SM-ENTH-0014 rev.0 DAIMOND ATF SP III (Domestic)40000468.pdf,master,true,2026-07-17 07:19:33.457786+00,yeanyeen,2025-05-20,6 x 5 L.,GEAR OIL,ไม้,24,2 years,6023670E800A
394e33d6-ca4e-4cc5-b3bf-9031342813a5,D-0375,03,ENEOS MOTO MA SAE 10W-40 + PREMIUM,ENEOS,40001825,drawing/D-0375_rev03_1783929088361.pdf,40001825 D-0375 rev.03 ENEOS MOTO MA SAE 10W-40 + PREMIUM.pdf,drawing,true,2026-07-13 07:51:30.067077+00,yeanyeen,2025-01-21,0.8 x 12 L.,,,55,,
39f8e632-d923-47dc-ada4-698ba47db607,D-0250,04,ENEOS COMMONRAIL CK-4 10W30+PREMIUM,ENEOS,40001565,drawing/D-0250_rev04_1784096752779.pdf,40001565 D-0250 rev.04 ENEOS COMMONRAIL CK-4 10W30+PREMIUM.pdf,drawing,true,2026-07-15 06:25:53.41204+00,yeanyeen,2024-10-15,6L+1L,ENGINE OIL,ไม้,24,,
3a7fc173-ba6d-49ca-ad57-4c924d3152a7,D-0156,05,DIAMOND ATF SP III (MSC99073 T),ENEOS,40000468,drawing/D-0156_rev05_1783570722949.pdf,40000468 D-0156 rev.05 DIAMOND ATF SP III (MSC99073 T).pdf,drawing,false,2026-07-09 04:18:48.439277+00,yeanyeen,2024-03-21,5 x 6 L.,,,,,
3e0b3a9f-179e-4846-9e81-dc9b6c44e9df,D-0410,00,ISUZU ATF WSI (THAI),ENEOS,40001937,drawing/D-0410_rev00_1783931620009.pdf,40001937 D-0410 rev.00 ISUZU ATF WSI (THAI).pdf,drawing,true,2026-07-13 08:33:40.68391+00,yeanyeen,2024-08-19,1 x 24 L.,,,55,,
405eaf92-1bfc-4da6-9ba4-b8d45f63691a,D-0379,01,ENEOS X PRIME 5W-30 +POLO,ENEOS,40001837,drawing/D-0379_rev01_1783931594724.pdf,40001837 D-0379 rev.01 ENEOS X PRIME 5W-30 +POLO.pdf,drawing,true,2026-07-13 08:33:15.505169+00,yeanyeen,2023-12-26,4 x 4 + 1 L.,,,24,,
42fcb259-4de4-4c6a-bde4-a1867ba9b132,SM-ENTH-0062,00,ENEOS SUPER FULLY SYN COMMONRAIL,ENEOS,,master/SM-ENTH-0062_rev0_1783913469458.pdf,4000083863 SM-ENTH-0062 rev.0 ENEOS SUPER FULLY SYN COMMONRAIL.pdf,master,true,2026-07-13 03:31:11.251623+00,yeanyeen,2025-09-23,1 x 24 L.,ENGINE OIL,ไม้,,4 years,I-602370083863
4351062b-e208-403e-ad20-0d7237f91097,D-0121,04,HONDA FINAL GEAR OIL-ND,ENEOS,40001665,drawing/D-0121_rev04_1784096082549.pdf,40001665 D-0121 rev.04 HONDA FINAL GEAR OIL-ND.pdf,drawing,true,2026-07-15 06:14:43.720632+00,yeanyeen,2025-03-12,0.18 x 24 L.,GEAR OIL,,75,,
445097e7-c960-4271-89d9-06390f49eb30,D-0403,01,ENEOS COMMONRAIL CK-4 10W30 (ไม่แถม),ENEOS,40001922,drawing/D-0403_rev01_1783931611074.pdf,40001922 D-0403 rev.01 ENEOS COMMONRAIL CK-4 10W30 (ไม่แถม).pdf,drawing,true,2026-07-13 08:33:31.9648+00,yeanyeen,2024-10-15,3 x 6 + 1 L.,,,18,,
44f0e253-c460-478f-adc7-2f37d9169a10,D-0380,00,ENEOS X PRIME 5W-40 SP/C3+POLO,ENEOS,40001838,drawing/D-0380_rev00_1783931595664.pdf,40001838 D-0380 rev.00 ENEOS X PRIME 5W-40 SP/C3+POLO.pdf,drawing,true,2026-07-13 08:33:16.492702+00,yeanyeen,2023-05-24,4 x 4 + 1 L.,ENGINE OIL,,20,,
47e3096c-1e26-4038-9173-376cbd046eca,D-0149,02,HONDA P. GOLD 4AT JASO MB 10W-30-ND (082323MBKL73),ENEOS,40001661,drawing/D-0149_rev02_1784096072273.pdf,40001661 D-0149 rev.02 HONDA P. GOLD 4AT JASO MB 10W-30-ND (082323MBKL73).pdf,drawing,true,2026-07-15 06:14:35.533339+00,yeanyeen,2021-07-14,0.7 x 12 L.,ENGINE OIL,,36,,
485344a9-7dda-4051-87a5-b6457d8fa50e,D-0355,02,Honda Protech Ultra MA 10W-40,ENEOS,40001786,drawing/D-0355_rev02_1784096107133.pdf,40001786 D-0355 rev.02 Honda Protech Ultra MA 10W-40.pdf,drawing,false,2026-07-15 06:15:08.192911+00,yeanyeen,2023-12-25,1 x 12 L.,ENGINE OIL,ไม้,12,,
48798762-520a-4ee3-b8f7-dcf5c814b1ed,D-0427,00,ENEOS PREMIUM FULLY SYN COMMONRAIL 5W-30,ENEOS,40001953,drawing/D-0427_rev00_1783928234434.pdf,40001953 D-0427 rev.00 ENEOS PREMIUM FULLY SYN COMMONRAIL 5W-30.pdf,drawing,true,2026-07-13 07:37:15.363925+00,yeanyeen,2025-02-26,1 x 12 L.,,พลาสติก,50,4 years,
4ae64eb1-0024-45fc-855f-fbf48f6e213e,D-0210,02,SUZUKI ECSTAR V5000 10W-40,ENEOS,40001445,drawing/D-0210_rev02_1784096732407.pdf,40001445 D-0210 rev.02 SUZUKI ECSTAR V5000 10W-40.pdf,drawing,false,2026-07-15 06:25:33.016933+00,yeanyeen,2021-05-25,1 x 24 L.,ENGINE OIL,,24,,
4b7c0262-a693-40b5-86d5-0760bdba11e1,D-0264,00,ENEOS X 5W-40 SQ,ENEOS,40002054,drawing/D-0264_rev00_1783993632437.pdf,40002054 D-0264 rev.00 ENEOS X 5W-40 SQ.pdf,drawing,true,2026-07-14 01:47:13.838155+00,yeanyeen,2026-02-23,4 x 4 + 1 L.,ENGINE OIL,,32,4 years,
4bbb40af-94ec-4e6f-996e-ccf075431d52,E-0093,00,PRO HONDA STANDARD MA 10W30 (EXPORT),ENEOS,40002002,drawing/E-0093_rev00_1783928243203.pdf,40002002 E-0093 rev.00 PRO HONDA STANDARD MA 10W30 (EXPORT).pdf,drawing,false,2026-07-13 07:37:24.660278+00,yeanyeen,2025-05-08,1 x 12 L.,ENGINE OIL,,55,,
4bc9666d-6f1a-41bb-9f43-de35b239ccbc,D-0304,01,ENEOS EURO FULLY SYN ACEA C3-16 5W-30 +POLO,ENEOS,40001640,drawing/D-0304_rev01_1784088584306.pdf,40001640 D-0304 rev.01 ENEOS EURO FULLY SYN ACEA C3-16 5W-30 +POLO.pdf,drawing,false,2026-07-15 04:09:45.355228+00,yeanyeen,2024-10-30,4 x 4 + 1 L.,ENGINE OIL,พลาสติก,24,2 years,
4d24c6b7-5304-4f43-ba52-be235253bef1,D-0376,00,ENEOS DIESEL PLUS CI-4 10W-30,ENEOS,40001809,drawing/D-0376_rev00_1784096121370.pdf,40001809 D-0376 rev.00 ENEOS DIESEL PLUS CI-4 10W-30.pdf,drawing,false,2026-07-15 06:15:23.010637+00,yeanyeen,2023-01-26,1 x 18 L.,ENGINE OIL,ไม้,20,,
4d754747-ba8e-4877-8b91-f168e66b748b,E-0020,01,ENEOS GEAR OIL GL-5 80W90-Export,ENEOS,40001433,drawing/E-0020_rev01_1784096724932.pdf,40001433 E-0020 rev.01 ENEOS GEAR OIL GL-5 80W90-Export.pdf,drawing,false,2026-07-15 06:25:25.542799+00,yeanyeen,2022-06-22,0.12 x 24 L.,GEAR OIL,,,,
4e519ec2-b67a-4001-a592-7543c225e9ca,D-0375,03,ENEOS MOTO MA SAE 10W-40 + PREMIUM,ENEOS,40001825,drawing/D-0375_rev03_1783929087209.pdf,40001825 D-0375 rev.03 ENEOS MOTO MA SAE 10W-40 + PREMIUM.pdf,drawing,false,2026-07-13 07:51:28.247518+00,yeanyeen,2025-01-21,0.8 x 12 L.,,,55,,
4f9de94c-4d1c-4ffc-847a-64660cdde3c6,D-0138,02,ENEOS PREMIUM FULLY SYN 5W40 API SN+POLO,ENEOS,40001374,drawing/D-0138_rev02_1784096316308.pdf,40001374 D-0138 rev.02 ENEOS PREMIUM FULLY SYN 5W40 API SN+POLO.pdf,drawing,true,2026-07-15 06:18:37.064562+00,yeanyeen,2023-08-22,4 x 4 + 1 L.,ENGINE OIL,,,,
50fc0345-324a-441e-9122-edb9a2b468ae,E-0093,00,1*12/1L Pro Honda Standard MA10W-30,ENEOS,40002002,drawing/E-0093_rev0_1783928511106.pdf,40002002 E-0093 rev.0 1*12/1L Pro Honda Standard MA10W-30.pdf,drawing,true,2026-07-13 07:41:52.094984+00,yeanyeen,2025-04-11,1 x 12 L.,,,,,
52529579-a019-4047-9510-338b77a9facd,D-0211,04,SUZUKI ECSTAR V5000 10W-40,ENEOS,40001446,drawing/D-0211_rev04_1784096734875.pdf,40001446 D-0211 rev.04 SUZUKI ECSTAR V5000 10W-40.pdf,drawing,false,2026-07-15 06:25:35.468498+00,yeanyeen,2022-03-02,4 x 4 L.,ENGINE OIL,,4,,
528fc230-c011-4085-91a4-ee616aa1c8d8,SM-ENTH-0029,00,ENEOS DIESEL PLUS CI-4 10W-30,ENEOS,40001809,master/SM-ENTH-0029_rev0_1783923368004.pdf,40001809 SM-ENTH-0029 rev.0 ENEOS DIESEL PLUS CI-4 10W-30.pdf,master,true,2026-07-13 06:16:11.332698+00,yeanyeen,2025-10-15,1 x 24 L.,ENGINE OIL,ไม้,24,4 years,60231210A713A
53547286-b485-418f-a40b-642f358f7d45,SM-OR-0022,00,PTT MAX SPEED 4T NP,PTTOR,406701,master/SM-OR-0022_rev0_1784528486878.pdf,406701 SM-OR-0022 rev.0 PTT MAX SPEED 4T NP.pdf,master,true,2026-07-20 06:21:27.849247+00,yeanyeen,2025-10-11,0.7 x 12 L.,ENGINE OIL,พลาสติก,72,5 years,61651027A772A
53843ff1-f790-4d95-bd2a-cfe9a135390b,D-0373,04,ENEOS 4AT MB 10W40 + Premium,ENEOS,40001828,drawing/D-0373_rev04_1783929093598.pdf,40001828 D-0373 rev.04 ENEOS 4AT MB 10W40 + Premium.pdf,drawing,false,2026-07-13 07:51:34.504725+00,yeanyeen,2026-02-23,0.8 x 12 L.,,,55,4 years,
540965b2-46e9-4d5f-9cf6-6da7559e648a,D-0257,05,ENEOS ATF D3,ENEOS,40001591,drawing/D-0257_rev05_1784088573636.pdf,40001591 D-0257 rev.05 ENEOS ATF D3.pdf,drawing,true,2026-07-15 04:09:34.805252+00,yeanyeen,2024-10-30,1 x 12 L.,GEAR OIL,,50,,
545f8fef-9285-4528-93e6-4692e5d42fad,D-0122,04,YAMALUBE 2 OUTBOARD (BT206),ENEOS,40000177,drawing/D-0122_rev04_1783993626883.pdf,40000177 D-0122 rev.04 YAMALUBE 2 OUTBOARD (BT206).pdf,drawing,true,2026-07-14 01:47:09.219488+00,yeanyeen,2026-02-24,209 L.,ENGINE OIL,,,4 years,
546b8e6b-3285-414d-9782-5e32f6dbf70e,D-0329,01,YAMALUBE GEAR OIL,ENEOS,40000386,drawing/D-0329_rev01_1783913141041.pdf,40000386 D-0329 rev.01 YAMALUBE GEAR OIL.pdf,drawing,true,2026-07-13 03:25:44.93038+00,yeanyeen,2023-09-01,100 ML X 24,GEAR OIL,,140,,
54c47ceb-33c7-4e43-8a10-543a09301a75,SM-OR-0021,00,PTT HI-SPEED 2T NP (10/1L) (403751),PTTOR,403751,master/SM-OR-0021_rev0_1784528485721.pdf,403751 SM-OR-0021 rev.0 PTT HI-SPEED 2T NP (10/1L) (403751).pdf,master,true,2026-07-20 06:21:26.620253+00,yeanyeen,2025-10-29,1 x 10 L.,ENGINE OIL,พลาสติก,96,3 years,6166505D792A
55212f53-f85e-4f07-ae0f-1e499cc17101,D-0417,02,ENEOS SUPER FULLY SYN COMMONRAIL 5W-40+PREMIUM,ENEOS,40001939,drawing/D-0417_rev02_1783993637160.pdf,40001939 D-0417 rev.02 ENEOS SUPER FULLY SYN COMMONRAIL 5W-40+PREMIUM.pdf,drawing,true,2026-07-14 01:47:18.210168+00,yeanyeen,2026-03-05,3 x 6 + 1 L.,ENGINE OIL,,18,4 years,
558e30d2-52e3-434d-962a-44716444d926,D-0211,07,SUZUKI ECSTAR V5000 10W-40,ENEOS,40001446,drawing/D-0211_rev07_1784096735679.pdf,40001446 D-0211 rev.07 SUZUKI ECSTAR V5000 10W-40.pdf,drawing,false,2026-07-15 06:25:36.634906+00,yeanyeen,2024-09-20,4 x 4 L.,ENGINE OIL,,40,,
573d18db-7926-411c-93fc-f08d5302207d,D-0400,00,GENUINE SUPER MULTI GEAR OIL 75W85 GL-4,ENEOS,40001914,drawing/D-0400_rev00_1783931610023.pdf,40001914 D-0400 rev.00 GENUINE SUPER MULTI GEAR OIL 75W85 GL-4.pdf,drawing,true,2026-07-13 08:33:30.727186+00,yeanyeen,2023-12-25,1 x 24 L.,GEAR OIL,,20,,
57ff5746-cf8e-4dd6-87ec-3ecf1047382a,E-0101,00,BASE OIL TLBC 150BS,ENEOS,40001716,drawing/E-0101_rev00_1783993642797.pdf,40001716 E-0101 rev.00 BASE OIL TLBC 150BS.pdf,drawing,true,2026-07-14 01:47:24.075852+00,yeanyeen,2026-02-19,200 L.,ENGINE OIL,,,,
586f6899-4bb3-4a36-85b9-fc6877f73cb6,D-0373,03,ENEOS 4AT MB 10W40 + Premium,ENEOS,40001828,drawing/D-0373_rev03_1783929092424.pdf,40001828 D-0373 rev.03 ENEOS 4AT MB 10W40 + Premium.pdf,drawing,false,2026-07-13 07:51:33.404891+00,yeanyeen,2025-01-21,0.8 x 12 L.,,,55,,
58b13baa-bc33-4f98-a50d-8a6ce12d347f,D-0443,00,YAMALUBE SN MB 10W-40 Full syn,ENEOS,40002086,drawing/D-0443_rev00_1783928525958.pdf,40002086 D-0443 rev.00 YAMALUBE SN MB 10W-40 Full syn.pdf,drawing,false,2026-07-13 07:42:07.022647+00,yeanyeen,2026-03-20,1 x 24 L.,,,50,2 years,
58e53424-42ce-43ee-8229-fba9d7389492,D-0259,02,Tri Petch Genuine Gear ATF3309 (985531919B),ENEOS,40001606,drawing/D-0259_rev02_1784088580331.pdf,40001606 D-0259 rev.02 Tri Petch Genuine Gear ATF3309 (985531919B).pdf,drawing,false,2026-07-15 04:09:41.338362+00,yeanyeen,2024-06-24,1 x 12 L.,GEAR OIL,ไม้,24,2 years,
59265204-b030-4942-9c02-44ad6990ebdc,D-0428,00,ENEOS PREMIUM FULLY SYN COMMONRAIL 5W-30+POLO,ENEOS,40001954,drawing/D-0428_rev00_1783928235468.pdf,40001954 D-0428 rev.00 ENEOS PREMIUM FULLY SYN COMMONRAIL 5W-30+POLO.pdf,drawing,false,2026-07-13 07:37:17.124566+00,yeanyeen,2025-02-26,3 x 6 + 1 L.,,,24,4 years,
5ac2f794-c229-41e7-a3de-6f8232bddf40,D-0382,00,ENEOS GEAR OIL GL-5 85W-140,ENEOS,40001836,drawing/D-0382_rev00_1783929484490.pdf,40001836 D-0382 rev.00 ENEOS GEAR OIL GL-5 85W-140.pdf,drawing,false,2026-07-13 07:58:07.320638+00,yeanyeen,2023-05-24,5 x 4 L.,GEAR OIL,,32,,
5b9d7bd3-d044-495e-b077-4e4eb5bd8dd9,D-0282,00,ENEOS TOP RACING SN 10W-30,ENEOS,40001447,drawing/D-0282_rev00_1784096737678.pdf,40001447 D-0282 rev.00 ENEOS TOP RACING SN 10W-30.pdf,drawing,false,2026-07-15 06:25:38.758344+00,yeanyeen,2021-09-21,1 x 12 L.,ENGINE OIL,ไม้,20,,
5bc2c054-498b-4057-897c-7c38851a7fdd,D-0259,02,Tri Petch Genuine Gear ATF3309 (985531919B),ENEOS,40001606,drawing/D-0259_rev02_1784088579064.pdf,40001606 D-0259 rev.02 Tri Petch Genuine Gear ATF3309 (985531919B).pdf,drawing,false,2026-07-15 04:09:40.100682+00,yeanyeen,2024-06-24,1 x 12 L.,GEAR OIL,,24,,
5d03c809-9074-4d41-9e09-204858f1e10e,D-0356,01,ENEOS DIESEL PLUS CI-4 20W-50 (ไม่แถม),ENEOS,40001810,drawing/D-0356_rev01_1783929074221.pdf,40001810 D-0356 rev.01 ENEOS DIESEL PLUS CI-4 20W-50 (ไม่แถม).pdf,drawing,false,2026-07-13 07:51:15.537535+00,yeanyeen,2024-09-25,3 x 6 + 1 L.,ENGINE OIL,ไม้,24,3 years,
5d8a1e9c-ae59-474d-940e-27f2ddd4dbf3,D-0209,07,SUZUKI ECSTAR V7000 10W-40,ENEOS,40001444,drawing/D-0209_rev07_1784096731563.pdf,40001444 D-0209 rev.07 SUZUKI ECSTAR V7000 10W-40.pdf,drawing,true,2026-07-15 06:25:32.176336+00,yeanyeen,2024-09-20,4 x 4 L.,ENGINE OIL,,40,,
5f61900d-d9c4-459d-b61f-b9b5db2a5a44,D-0356,02,ENEOS DIESEL PLUS CI-4 20W-50 (ไม่แถม),ENEOS,40001810,drawing/D-0356_rev02_1783929075709.pdf,40001810 D-0356 rev.02 ENEOS DIESEL PLUS CI-4 20W-50 (ไม่แถม).pdf,drawing,true,2026-07-13 07:51:16.754747+00,yeanyeen,2026-01-26,3 x 6 + 1 L.,ENGINE OIL,,24,4 years,
63d0944e-afd0-4c1a-9123-c084b4f2e4dc,SM-OR-0026,00,PTT CHALLENGER SYNTHETIC 2T NP (6/1L),PTTOR,403744,master/SM-OR-0026_rev0_1784528492243.pdf,403744 SM-OR-0026 rev.0 PTT CHALLENGER SYNTHETIC 2T NP (6/1L).pdf,master,true,2026-07-20 06:21:33.306336+00,yeanyeen,2025-10-06,1 x 6 L.,ENGINE OIL,พลาสติก,125,3 years,267005000754A
64cb7eaa-743d-4943-90fe-86c4e59f0477,D-0438,01,ENEOS 4AT MB+SCOOTER GEAR OIL+P(NEW),ENEOS,40002028,drawing/D-0438_rev01_1783993641130.pdf,40002028 D-0438 rev.01 ENEOS 4AT MB+SCOOTER GEAR OIL+P(NEW).pdf,drawing,true,2026-07-14 01:47:22.394798+00,yeanyeen,2026-02-23,0.8 x 12 + 0.12 L.,ENGINE OIL,,40,4 years,
6778393f-5bd9-44a3-b437-746226f6865e,D-0423,00,ENEOS LSD GEAR OIL 85W-140 (NOSE CONE),ENEOS,40001932,drawing/D-0423_rev00_1783931617920.pdf,40001932 D-0423 rev.00 ENEOS LSD GEAR OIL 85W-140 (NOSE CONE).pdf,drawing,true,2026-07-13 08:33:38.711813+00,yeanyeen,2024-10-31,1 x 12 L.,GEAR OIL,,40,,
67abd791-4051-41d4-bcf0-0143953df69f,D-0279,00,ENEOS Eco Plus CF 40,ENEOS,40001419,drawing/D-0279_rev00_1784096720318.pdf,40001419 D-0279 rev.00 ENEOS Eco Plus CF 40.pdf,drawing,true,2026-07-15 06:25:20.989001+00,yeanyeen,2024-10-07,5 x 4 L.,ENGINE OIL,,32,,
68f7b272-e024-41eb-b306-8e4bd09643a6,D-0093,00,Mitsubishi Genuine Engine Oil 0W-20 API SN,ENEOS,40002126,drawing/D-0093_rev00_1784773979118.pdf,40002126 D-0093 rev.00 Mitsubishi Genuine Engine Oil 0W-20 API SN.pdf,drawing,true,2026-07-23 02:33:00.800529+00,yeanyeen,2026-07-21,1 x 24 L.,ENGINE OIL,,20,2 years,
69702686-c517-47f1-b1f2-1cc97462a18a,D-0390,02,ENEOS X PRIME ATF,ENEOS,40001857,drawing/D-0390_rev02_1783931602306.pdf,40001857 D-0390 rev.02 ENEOS X PRIME ATF.pdf,drawing,true,2026-07-13 08:33:23.082165+00,yeanyeen,2024-10-31,4 x 4 L.,,,40,,
6a939d25-74be-433c-966d-a20fb3f5703f,D-0376,02,ENEOS DIESEL PLUS CI-4 10W-30,ENEOS,40001809,drawing/D-0376_rev02_1784096123286.pdf,40001809 D-0376 rev.02 ENEOS DIESEL PLUS CI-4 10W-30.pdf,drawing,false,2026-07-15 06:15:24.517968+00,yeanyeen,2024-09-25,1 x 6 L.,ENGINE OIL,ไม้,24,,
6ba22e7a-caf2-4197-b8e7-f8032efe9509,E-0030,03,ENEOS 4T SL/MB 10W-30 (NOEA),ENEOS,40001515,drawing/E-0030_rev03_1784096747513.pdf,40001515 E-0030 rev.03 ENEOS 4T SL/MB 10W-30 (NOEA).pdf,drawing,false,2026-07-15 06:25:48.091265+00,yeanyeen,2024-09-06,0.8 x 24 L.,ENGINE OIL,,20,,
6c734467-feb2-4d74-8eaa-3412ead9127a,D-0444,00,Yamalube 4T SAE40,ENEOS,40002092,drawing/D-0444_rev00_1784008960915.pdf,40002092 D-0444 rev.00 Yamalube 4T SAE40.pdf,drawing,true,2026-07-14 06:02:41.858499+00,yeanyeen,2026-05-19,20 x 1 L.,ENGINE OIL,,,2 years,
6f0ba845-ffb2-4183-8830-ea880cbe17f5,D-0151,02,HONDA P. GOLD 4T JASO MA 10W-30 ND (08233-2MAK8LT3),ENEOS,40001660,drawing/D-0151_rev02_1784088596105.pdf,40001660 D-0151 rev.02 HONDA P. GOLD 4T JASO MA 10W-30 ND (08233-2MAK8LT3).pdf,drawing,true,2026-07-15 04:09:57.236581+00,yeanyeen,2021-07-16,0.8 x 12 L.,ENGINE OIL,,,,
6fd930d7-7c1b-4ff0-9cd9-33abb48f82a9,D-0272,01,C2 OIL,ENEOS,40002100,drawing/D-0272_rev01_1784008953234.pdf,40002100 D-0272 rev.01 C2 OIL.pdf,drawing,true,2026-07-14 06:02:34.53771+00,yeanyeen,2026-05-20,200 L.,ENGINE OIL,ไม้,4,,
707a89e1-4f58-4a29-82ba-c4c1a7b8617b,D-0410,00,ISUZU ATF WSI (THAI),ENEOS,40001937,drawing/D-0410_rev00_1783931618992.pdf,40001937 D-0410 rev.00 ISUZU ATF WSI (THAI).pdf,drawing,false,2026-07-13 08:33:39.730202+00,yeanyeen,2024-08-19,1 x 24 L.,,,55,,
708022d8-cdff-48d0-94a6-2c643a11cca1,D-0393,00,ENEOS TOP RACING SP 5W-30,ENEOS,40001881,drawing/D-0393_rev00_1783931604401.pdf,40001881 D-0393 rev.00 ENEOS TOP RACING SP 5W-30.pdf,drawing,true,2026-07-13 08:33:25.098914+00,yeanyeen,2023-12-12,4 x 4 L.,ENGINE OIL,,40,,
70824415-c93e-4ac6-acb1-9894cb415284,SM-ENTH-0045,00,ENEOS SCOOTER GEAR OIL (N) (4000027),ENEOS,4000027,master/SM-ENTH-0045_rev00_1784797110662.pdf,4000027 SM-ENTH-0045 rev.00 ENEOS SCOOTER GEAR OIL (N) (4000027).pdf,master,true,2026-07-23 08:58:33.204488+00,yeanyeen,2025-11-03,0.12 x 24 L.,GEAR OIL,ไม้,60,3 years,60233045E785A
72836ae7-68c9-48a2-b3f2-2ec3cce5b37a,D-0396,01,ENEOS X 5W-40 SP PREMIUM FULLY SYN,ENEOS,40001841,drawing/D-0396_rev01_1783931598107.pdf,40001841 D-0396 rev.01 ENEOS X 5W-40 SP PREMIUM FULLY SYN.pdf,drawing,true,2026-07-13 08:33:18.907309+00,yeanyeen,2024-10-08,1 x 24 L.,,,50,,
74a5f208-282a-448a-a462-9e694c6d4982,D-0338,01,200L G.II 150 N,ENEOS,40001748,drawing/D-0338_rev01_1783993634182.pdf,40001748 D-0338 rev.01 200L G.II 150 N.pdf,drawing,true,2026-07-14 01:47:15.347389+00,yeanyeen,2026-02-18,200 L.,GEAR OIL,,,,
755f02a5-2653-4135-a7d4-0209ebb7c22c,SM-ENTH-0017,00,ENEOS PREMIUM FULLY SYN COMMONRAIL 5W-30,ENEOS,40001954,master/SM-ENTH-0017_rev0_1783913534170.pdf,40001954 SM-ENTH-0017 rev.0 ENEOS PREMIUM FULLY SYN COMMONRAIL 5W-30.pdf,master,true,2026-07-13 03:32:15.593196+00,yeanyeen,2025-06-23,1 x 24 L.,ENGINE OIL,ไม้,24,4 years,60231323A713P
76af7d6a-68b1-4d7e-8e45-cb4dfe46e5bc,D-0276,02,HONDA MARINE OIL 5W40,ENEOS,40002099,drawing/D-0276_rev02_1784165582254.pdf,40002099 D-0276 rev.02 HONDA MARINE OIL 5W40.pdf,drawing,true,2026-07-16 01:33:05.683369+00,yeanyeen,2026-07-09,4 x 4 L.,ENGINE OIL,,40,2 years,
76ef093c-dde0-4230-8afd-59906cf55005,D-0374,01,ENEOS MOTO MA SAE 10W-40 + Premium,ENEOS,40001824,drawing/D-0374_rev01_1783929082247.pdf,40001824 D-0374 rev.01 ENEOS MOTO MA SAE 10W-40 + Premium.pdf,drawing,false,2026-07-13 07:51:23.403596+00,yeanyeen,2024-10-31,1 x 12 L.,ENGINE OIL,,50,,
77b402ae-a32f-4b99-8562-bd7dc5a39a6e,SM-OR-0024,00,PTT HI-SPEED 2T NP (20/0.5L)PPRD,PTTOR,407065,master/SM-OR-0024_rev0_1784528489491.pdf,407065 SM-OR-0024 rev.0 PTT HI-SPEED 2T NP (20/0.5L)PPRD.pdf,master,true,2026-07-20 06:21:30.626582+00,yeanyeen,2025-10-11,0.5 x 20 L.,ENGINE OIL,พลาสติก,84,3 years,61656505G797A
77bfa7e8-f7c3-47ec-b508-9c1f5966e2cd,D-0418,01,ENEOS SUPER FULLY SYN COMMONRAIL 5W-40,ENEOS,40001940,drawing/D-0418_rev01_1783928226900.pdf,40001940 D-0418 rev.01 ENEOS SUPER FULLY SYN COMMONRAIL 5W-40.pdf,drawing,true,2026-07-13 07:37:07.878286+00,yeanyeen,2025-03-04,1 x 12 L.,ENGINE OIL,,50,4 years,
78474d16-3c0a-44d7-96cf-410a2003899c,D-0417,00,ENEOS SUPER FULLY SYN COMMONRAIL 5W-40+PREMIUM,ENEOS,40001939,drawing/D-0417_rev00_1783928220595.pdf,40001939 D-0417 rev.00 ENEOS SUPER FULLY SYN COMMONRAIL 5W-40+PREMIUM.pdf,drawing,false,2026-07-13 07:37:03.877362+00,yeanyeen,2024-10-02,3 x 6 + 1 L.,ENGINE OIL,,24,,
7bc7f3c7-2ad3-4339-9b9e-e427e653350a,D-0360,02,ENEOS X PRIME CVTF,ENEOS,40001799,drawing/D-0360_rev02_1784096113501.pdf,40001799 D-0360 rev.02 ENEOS X PRIME CVTF.pdf,drawing,true,2026-07-15 06:15:14.784324+00,yeanyeen,2024-05-29,1 x 12 L.,,,,,
7d3c2b8c-fcaa-41b8-b29a-1c83f7a8de53,E-0030,03,ENEOS 4T SL/MB 10W-30 (NOEA),ENEOS,40001515,drawing/E-0030_rev03_1784096748305.pdf,40001515 E-0030 rev.03 ENEOS 4T SL/MB 10W-30 (NOEA).pdf,drawing,true,2026-07-15 06:25:48.894366+00,yeanyeen,2024-09-06,0.8 x 24 L.,ENGINE OIL,,20,,
7ec50e17-c319-4171-9be1-54be350ff25d,D-0379,00,ENEOS X PRIME 5W-30 +POLO,ENEOS,40001837,drawing/D-0379_rev00_1783929489063.pdf,40001837 D-0379 rev.00 ENEOS X PRIME 5W-30 +POLO.pdf,drawing,false,2026-07-13 07:58:10.355743+00,yeanyeen,2023-05-22,4 x 4 L.,,,24,,
7f37ffc0-d94c-4a7c-b705-907ffd058e4b,D-0150,04,HONDA P. GOLD 4AT JASO MB 10W-30,ENEOS,40001662,drawing/D-0150_rev04_1784096075824.pdf,40001662 D-0150 rev.04 HONDA P. GOLD 4AT JASO MB 10W-30.pdf,drawing,true,2026-07-15 06:14:37.055806+00,yeanyeen,2023-08-10,0.8 x 12 L.,ENGINE OIL,,5,,
8001ee6b-0291-47bd-9a31-427cfecb4911,D-0210,06,SUZUKI ECSTAR V5000 10W-40,ENEOS,40001445,drawing/D-0210_rev06_1784096734065.pdf,40001445 D-0210 rev.06 SUZUKI ECSTAR V5000 10W-40.pdf,drawing,true,2026-07-15 06:25:34.672658+00,yeanyeen,2024-09-20,1 x 24 L.,ENGINE OIL,,20,,
807dd144-a0c0-4d29-af88-5b671d225469,D-0442,01,Yamalube 4AT MB SAE40,ENEOS,40002085,drawing/D-0442_rev01_1784008957844.pdf,40002085 D-0442 rev.01 Yamalube 4AT MB SAE40.pdf,drawing,true,2026-07-14 06:02:39.136618+00,yeanyeen,2026-05-26,0.8 x 12 L.,ENGINE OIL,,55,2 years,
81b1821a-0f32-4a50-867f-b92000fb1443,D-0373,03,ENEOS 4AT MB 10W40 + Premium,ENEOS,40001828,drawing/D-0373_rev03_1783929091379.pdf,40001828 D-0373 rev.03 ENEOS 4AT MB 10W40 + Premium.pdf,drawing,false,2026-07-13 07:51:32.323685+00,yeanyeen,2025-01-21,0.8 x 12 L.,,พลาสติก,55,2 years,
825fdc56-f1de-4eb4-bc3e-c9e9175eaf14,D-0209,06,SUZUKI ECSTAR V7000 10W-40,ENEOS,40001444,drawing/D-0209_rev06_1784096729894.pdf,40001444 D-0209 rev.06 SUZUKI ECSTAR V7000 10W-40.pdf,drawing,false,2026-07-15 06:25:30.508432+00,yeanyeen,2023-09-12,4 x 4 L.,ENGINE OIL,ไม้,40,,
8390c567-3f21-4315-ad37-d20abfe202c1,D-0258,01,ENEOS ATF D3,ENEOS,40001592,drawing/D-0258_rev01_1784088576406.pdf,40001592 D-0258 rev.01 ENEOS ATF D3.pdf,drawing,true,2026-07-15 04:09:37.432401+00,yeanyeen,2023-10-04,4 x 4 L.,GEAR OIL,,40,2 years,
83e7f747-83ad-462d-88e4-d0ba6d534f1f,D-0185,02,ENEOS SCOOTER GEAR OIL,ENEOS,40001414,drawing/D-0185_rev02_1784096717555.pdf,40001414 D-0185 rev.02 ENEOS SCOOTER GEAR OIL.pdf,drawing,true,2026-07-15 06:25:18.234791+00,yeanyeen,2022-08-19,0.12 x 24 L.,GEAR OIL,,120,,
851a3bcf-4369-4a1c-8395-ca8a113420f1,D-0208,06,SUZUKI ECSTAR V7000 10W-40,ENEOS,40001443,drawing/D-0208_rev06_1784096727379.pdf,40001443 D-0208 rev.06 SUZUKI ECSTAR V7000 10W-40.pdf,drawing,false,2026-07-15 06:25:27.974889+00,yeanyeen,2024-09-20,1 x 24 L.,ENGINE OIL,,20,,
853f0724-27c2-4c47-a813-28416600e740,D-0300,00,ENEOS EURO FULLY SYN COMMONRAIL 5W-30,ENEOS,40002067,drawing/D-0300_rev00_1784278910834.pdf,40002067 D-0300 rev.00 ENEOS EURO FULLY SYN COMMONRAIL 5W-30.pdf,drawing,true,2026-07-17 09:01:51.64157+00,yeanyeen,2026-07-15,1 x 12 L.,ENGINE OIL,,55,4 years,
89232138-5ea7-4688-905c-59d65bc43893,E-0020,01,ENEOS GEAR OIL GL-5 80W90-Export,ENEOS,40001433,drawing/E-0020_rev01_1784096725747.pdf,40001433 E-0020 rev.01 ENEOS GEAR OIL GL-5 80W90-Export.pdf,drawing,true,2026-07-15 06:25:26.352305+00,yeanyeen,2022-06-22,0.12 x 24 L.,GEAR OIL,,,,
8a0e3144-0561-422d-9ac5-2875ebfe7768,D-0356,00,ENEOS DIESEL PLUS CI-4 20W-50 (แถมแชมพู),ENEOS,40001810,drawing/D-0356_rev00_1783929071052.pdf,40001810 D-0356 rev.00 ENEOS DIESEL PLUS CI-4 20W-50 (แถมแชมพู).pdf,drawing,false,2026-07-13 07:51:14.049181+00,yeanyeen,2022-08-19,3 x 6 + 1 L.,ENGINE OIL,,20,,
8b373a57-11fd-4cfa-bbd2-9d45cef58d34,D-0307,00,ENEOS SUPER FULLY SYN COMMONRAIL 5W-30,ENEOS,40001643,drawing/D-0307_rev00_1784088589609.pdf,40001643 D-0307 rev.00 ENEOS SUPER FULLY SYN COMMONRAIL 5W-30.pdf,drawing,true,2026-07-15 04:09:51.822233+00,yeanyeen,2024-10-31,1 x 12 L.,ENGINE OIL,ไม้,50,3 years,
8bb4785e-213e-4b6f-bc89-ffed541ed8f5,D-0249,01,ENEOS FLUSHING OIL,ENEOS,40001549,drawing/D-0249_rev01_1784096750557.pdf,40001549 D-0249 rev.01 ENEOS FLUSHING OIL.pdf,drawing,false,2026-07-15 06:25:51.203333+00,yeanyeen,2023-12-26,4 x 6 L.,ENGINE OIL,ไม้,40,,
8c1a593e-0b04-457c-86f0-073954f17d38,D-0278,00,ENEOS Eco Plus CF 40,ENEOS,40001418,drawing/D-0278_rev00_1784096718435.pdf,40001418 D-0278 rev.00 ENEOS Eco Plus CF 40.pdf,drawing,false,2026-07-15 06:25:19.040327+00,yeanyeen,2022-08-19,1 x 12 L.,ENGINE OIL,,20,,
8c2438b9-10a4-4f2f-a369-13d432064b6c,SM-OR-0012,00,PTT V-120 #40 NP (4/5L) #PPRD# (407042),PTTOR,,master/SM-OR-0012_rev0_1784528476041.pdf,SM-OR-0012 rev.0 PTT V-120 #40 NP (4/5L) #PPRD# (407042).pdf,master,true,2026-07-20 06:21:17.097912+00,yeanyeen,2025-08-25,5 x 4 L.,ENGINE OIL,พลาสติก,40,5 years,616510147C7014A
8c2cf802-5a71-484d-978a-f5a5f716012e,D-0247,00,ENEOS X 5W-40 SQ + P,ENEOS,40002052,drawing/D-0247_rev00_1783993629481.pdf,40002052 D-0247 rev.00 ENEOS X 5W-40 SQ + P.pdf,drawing,true,2026-07-14 01:47:10.707286+00,yeanyeen,2023-02-23,4 x 1 L.,ENGINE OIL,,24,4 years,
8c6c87df-acba-4b82-8e9c-e2af6ca7f515,D-0278,02,ENEOS Eco Plus CF 40,ENEOS,40001418,drawing/D-0278_rev02_1784096719267.pdf,40001418 D-0278 rev.02 ENEOS Eco Plus CF 40.pdf,drawing,true,2026-07-15 06:25:19.946139+00,yeanyeen,2024-10-07,1 x 12 L.,ENGINE OIL,,50,,
8e87c5ab-5520-4c2a-9021-ae08e9df8ad2,D-0382,01,ENEOS GEAR OIL GL-5 85W-140,ENEOS,40001836,drawing/D-0382_rev01_1783929487479.pdf,40001836 D-0382 rev.01 ENEOS GEAR OIL GL-5 85W-140.pdf,drawing,true,2026-07-13 07:58:08.908864+00,yeanyeen,2024-10-31,5 x 4 L.,GEAR OIL,,32,,
8eb709e1-9462-47ff-9518-195a1e86043c,D-0375,02,ENEOS MOTO MA SAE 10W-40 + PREMIUM,ENEOS,40001825,drawing/D-0375_rev02_1783929085957.pdf,40001825 D-0375 rev.02 ENEOS MOTO MA SAE 10W-40 + PREMIUM.pdf,drawing,false,2026-07-13 07:51:27.10011+00,yeanyeen,2024-10-31,0.8 x 12 L.,,,55,,
8f2d1c61-b157-4774-b497-f1bad1f039a5,D-0374,00,MOTO MA SAE 10W-40 +T 4Lctn (NEW MOE),ENEOS,40001824,drawing/D-0374_rev00_1783929081003.pdf,40001824 D-0374 rev.00 MOTO MA SAE 10W-40 +T 4Lctn (NEW MOE).pdf,drawing,false,2026-07-13 07:51:22.061984+00,yeanyeen,2023-01-26,1 x 12 L.,,,,,
9074e4b1-c35c-407b-b35b-f351b3fbfff0,D-0441,01,Yamalube 4T SAE40,ENEOS,40002084,drawing/D-0441_rev01_1784008956390.pdf,40002084 D-0441 rev.01 Yamalube 4T SAE40.pdf,drawing,true,2026-07-14 06:02:37.601998+00,yeanyeen,2026-05-26,0.8 x 12 L.,ENGINE OIL,,55,2 years,
90a4694e-8162-4f70-991b-6ea3a439be2d,D-0302,02,ENEOS COMMONRAIL CK-4 10W30 (ไม่แถม),ENEOS,40001638,drawing/D-0302_rev02_1784088582947.pdf,40001638 D-0302 rev.02 ENEOS COMMONRAIL CK-4 10W30 (ไม่แถม).pdf,drawing,true,2026-07-15 04:09:44.009832+00,yeanyeen,2024-10-15,6 x 3 L.,ENGINE OIL,ไม้,24,2 years,
90abfdde-0a3e-4f57-9ec1-c3b93469dd8d,E-0030,02,ENEOS 4T SL/MB 10W-30,ENEOS,40001515,drawing/E-0030_rev02_1784096746791.pdf,40001515 E-0030 rev.02 ENEOS 4T SL/MB 10W-30.pdf,drawing,false,2026-07-15 06:25:47.37007+00,yeanyeen,2023-03-03,0.8 x 24 L.,ENGINE OIL,,24,,
91e5aba7-64c2-4ff5-9984-a7a6f6d9637f,SM-ENTH-0014,00,DAIMOND ATF SP III (Domestic)40000468,ENEOS,40000468,master/SM-ENTH-0014_rev0_1783653887758.pdf,40000468 SM-ENTH-0014 rev.0 DAIMOND ATF SP III (Domestic)40000468.pdf,master,false,2026-07-10 03:24:56.65725+00,yeanyeen,2025-05-20,6 x 5 L.,GEAR OIL,ไม้,24,2 years,6023670E800A
91ff7ca7-1d40-4d87-a4d7-9644111c6bcc,SM-ENTH-0009,00,ENEOS RACING GT SN/CF 10W-40 (SS) EXPORT CAMBODIA (40001494),ENEOS,40001494,master/SM-ENTH-0009_rev0_1783926451400.pdf,40001494 SM-ENTH-0009 rev.0 ENEOS RACING GT SN/CF 10W-40 (SS) EXPORT CAMBODIA (40001494).pdf,master,true,2026-07-13 07:07:33.474657+00,yeanyeen,2022-04-25,6 x 4 L.,ENGINE OIL,,32,,60230215C720E
9338e5e4-cd50-4f14-9ad9-522035700256,E-0084,00,ENEOS COMMONRAIL FULLY SYN 5W-30 CJ-4 (Export),ENEOS,40001694,drawing/E-0084_rev00_1784096095187.pdf,40001694 E-0084 rev.00 ENEOS COMMONRAIL FULLY SYN 5W-30 CJ-4 (Export).pdf,drawing,true,2026-07-15 06:14:56.703402+00,yeanyeen,2024-09-11,6 x 3 L.,ENGINE OIL,,,,
93529730-949d-42ad-ae90-3deeaa612582,SM-OR-0023,00,PTT MAX SPEED 4T NP (10/1L) (404039),PTTOR,404039,master/SM-OR-0023_rev0_1784528488101.pdf,404039 SM-OR-0023 rev.0 PTT MAX SPEED 4T NP (10/1L) (404039).pdf,master,true,2026-07-20 06:21:29.174517+00,yeanyeen,2025-10-01,1 x 10 L.,ENGINE OIL,พลาสติก,96,5 years,61651027A792A
944b57d7-5e2a-4555-8016-d0b78a6f54b8,D-0334,00,ENEOS DIESEL PLUS CI-4 15W-40 T-shirt 1pc,ENEOS,40001482,drawing/D-0334_rev00_1784096745310.pdf,40001482 D-0334 rev.00 ENEOS DIESEL PLUS CI-4 15W-40 T-shirt 1pc.pdf,drawing,true,2026-07-15 06:25:45.898852+00,yeanyeen,2021-09-20,1 x 6 L.,ENGINE OIL,ไม้,20,,
94aac4b2-e2d3-442d-b932-988e27f34311,D-0210,06,SUZUKI ECSTAR V5000 10W-40,ENEOS,40001445,drawing/D-0210_rev06_1784096733241.pdf,40001445 D-0210 rev.06 SUZUKI ECSTAR V5000 10W-40.pdf,drawing,false,2026-07-15 06:25:33.845187+00,yeanyeen,2024-09-20,1 x 24 L.,ENGINE OIL,ไม้,20,,
95aec01d-8301-4e40-9834-ad36c249aebd,D-0209,07,SUZUKI ECSTAR V7000 10W-40,ENEOS,40001444,drawing/D-0209_rev07_1784096730723.pdf,40001444 D-0209 rev.07 SUZUKI ECSTAR V7000 10W-40.pdf,drawing,false,2026-07-15 06:25:31.35057+00,yeanyeen,2024-09-20,4 x 4 L.,ENGINE OIL,,40,,
9695e4e2-d5e5-4c3c-b33a-4d5baa73f957,D-0266,00,ENEOS X 0W-20 SQ,ENEOS,40002051,drawing/D-0266_rev00_1783928515846.pdf,40002051 D-0266 rev.00 ENEOS X 0W-20 SQ.pdf,drawing,true,2026-07-13 07:41:56.838992+00,yeanyeen,2026-01-27,3 x 4 + 1 L.,,,24,4 years,
96b2fffd-df59-4426-a38e-39cb78a039fa,D-0264,00,ENEOS X 5W-40 SQ,ENEOS,40002054,drawing/D-0264_rev00_1783928519478.pdf,40002054 D-0264 rev.00 ENEOS X 5W-40 SQ.pdf,drawing,false,2026-07-13 07:42:00.602664+00,yeanyeen,2026-02-23,4 x 4 + 1 L.,,,32,4 years,
96ec9db2-9757-47b8-94c6-8d737d86aadb,SM-OR-0018,00,PTT MAX SPEED 2T NP,PTTOR,404033,master/SM-OR-0018_rev00_1784786796878.pdf,404033 SM-OR-0018 rev.00 PTT MAX SPEED 2T NP.pdf,master,true,2026-07-23 06:06:51.99509+00,yeanyeen,2025-09-05,0.5 x 20 L.,ENGINE OIL,พลาสติก,84,3 years,61656505E797A
991b7a85-8bf9-4e96-866c-79fc169f3c31,SM-OR-0029,00,PTT MAX SPEED 4T NP(10/0.8L)+ผ้าไมโครไฟเบอร์ (4093665),PTTOR,4093665,master/SM-OR-0029_rev0_1784528494953.pdf,4093665 SM-OR-0029 rev.0 PTT MAX SPEED 4T NP(10/0.8L)+ผ้าไมโครไฟเบอร์ (4093665).pdf,master,true,2026-07-20 06:21:35.976624+00,yeanyeen,2025-10-21,0.8 x 10 L.,ENGINE OIL,ไม้,96,5 years,61651027L775P
99336ef7-0663-47d2-b28c-47ce6e725845,SM-OR-0019,00,PTT GL-5 80W-90 NP,PTTOR,404288,master/SM-OR-0019_rev0_1784528483204.pdf,404288 SM-OR-0019 rev.0 PTT GL-5 80W-90 NP.pdf,master,true,2026-07-20 06:21:24.286094+00,yeanyeen,2025-09-09,5 x 4 L.,GEAR OIL,พลาสติก,40,5 years,61653045B701A
998a4e24-032f-4091-9fc3-9a40365f88a0,D-0259,01,Tri Petch Genuine Gear ATF3309,ENEOS,40001606,drawing/D-0259_rev01_1784088577733.pdf,40001606 D-0259 rev.01 Tri Petch Genuine Gear ATF3309.pdf,drawing,false,2026-07-15 04:09:38.762016+00,yeanyeen,2023-12-19,1 x 12 L.,GEAR OIL,พลาสติก,24,2 years,
9ec06428-f050-453d-b25f-7e6beff7aaee,D-0426,00,ENEOS SCOOTER 4AT FULLY SYN 5W-40,ENEOS,40001986,drawing/D-0426_rev00_1783928241467.pdf,40001986 D-0426 rev.00 ENEOS SCOOTER 4AT FULLY SYN 5W-40.pdf,drawing,true,2026-07-13 07:37:22.972743+00,yeanyeen,2024-12-26,1 x 12 L.,,,50,,
9fb2cb19-216a-4d5d-9147-3c787db3531d,D-0277,00,ENEOS GEAR OIL 5W-30,ENEOS,40002087,drawing/D-0277_rev00_1784278909718.pdf,40002087 D-0277 rev.00 ENEOS GEAR OIL 5W-30.pdf,drawing,true,2026-07-17 09:01:50.499477+00,yeanyeen,2026-07-15,3 x 4 L.,GEAR OIL,,40,3 years,
9fe839f9-9f0e-4abf-a149-f685e6b655f4,D-0443,00,YAMALUBE SN MB 10W-40 Full syn,ENEOS,40002086,drawing/D-0443_rev00_1783913438863.pdf,40002086 D-0443 rev.00 YAMALUBE SN MB 10W-40 Full syn.pdf,drawing,false,2026-07-13 03:30:41.488285+00,yeanyeen,2026-03-20,1 x 24 L.,,,50,2 years,
a153a057-e2ea-4d67-918d-105bb7a193ca,D-0304,02,ENEOS EURO FULLY SYN ACEA C3-16 5W-30 +POLO,ENEOS,40001640,drawing/D-0304_rev02_1784088585653.pdf,40001640 D-0304 rev.02 ENEOS EURO FULLY SYN ACEA C3-16 5W-30 +POLO.pdf,drawing,true,2026-07-15 04:09:46.572477+00,yeanyeen,2024-12-26,4 x 4 + 1 L.,ENGINE OIL,,24,,
a1c872f3-f8df-48d9-a2be-7d0e57f18702,E-0069,00,ENEOS ULTRA PERFORMANCE 10W-50 EXPORT,ENEOS,40001806,drawing/E-0069_rev00_1784096116588.pdf,40001806 E-0069 rev.00 ENEOS ULTRA PERFORMANCE 10W-50 EXPORT.pdf,drawing,true,2026-07-15 06:15:18.051681+00,yeanyeen,2022-10-18,1 x 24 L.,ENGINE OIL,,30,,
a1f5baa4-a728-4856-a747-0302d5c6b871,D-0346,00,ATF SPIII EXPORT,ENEOS,40001787,drawing/D-0346_rev00_1784096110166.pdf,40001787 D-0346 rev.00 ATF SPIII EXPORT.pdf,drawing,true,2026-07-15 06:15:11.51893+00,yeanyeen,2022-03-31,1 x 24 L.,GEAR OIL,,24,,
a3a181f8-86bc-4686-9746-c26a6aae448c,D-0355,03,Honda Protech Ultra MA10W-40,ENEOS,40001786,drawing/D-0355_rev03_1784096108535.pdf,40001786 D-0355 rev.03 Honda Protech Ultra MA10W-40.pdf,drawing,true,2026-07-15 06:15:09.863047+00,yeanyeen,2024-12-02,1 x 12 L.,ENGINE OIL,,55,,
a96a6ec9-8d56-4248-b397-64f8ad3dccd8,D-0261,00,ENEOS X 5W-40 SQ,ENEOS,40002053,drawing/D-0261_rev00_1783928518260.pdf,40002053 D-0261 rev.00 ENEOS X 5W-40 SQ.pdf,drawing,false,2026-07-13 07:41:59.235825+00,yeanyeen,2026-02-23,1 x 24 L.,,,55,4 years,
aabcd585-4c9d-4ac8-a6a6-b25b40a6ce2d,D-0335,01,SUZUKI ATF 3317,ENEOS,40001461,drawing/D-0335_rev01_1784096740681.pdf,40001461 D-0335 rev.01 SUZUKI ATF 3317.pdf,drawing,true,2026-07-15 06:25:41.998937+00,yeanyeen,2025-03-13,1 x 12 L.,GEAR OIL,ไม้,50,,
aaeaa271-dfb0-499b-af68-c73bf24bb41d,D-0441,00,Yamalube 4T SAE40,ENEOS,40002084,drawing/D-0441_rev00_1783928522604.pdf,40002084 D-0441 rev.00 Yamalube 4T SAE40.pdf,drawing,false,2026-07-13 07:42:03.739801+00,yeanyeen,2026-03-17,0.8 x 12 L.,,,55,2 years,
ad56d93f-d450-4b23-b615-9c57ff259815,D-0305,00,ENEOS SUPER FULLY SYN COMMONRAIL 5W-30 + POLO,ENEOS,40001641,drawing/D-0305_rev00_1784088586923.pdf,40001641 D-0305 rev.00 ENEOS SUPER FULLY SYN COMMONRAIL 5W-30 + POLO.pdf,drawing,true,2026-07-15 04:09:48.005723+00,yeanyeen,2024-10-31,6 x 3 + 1 L.,ENGINE OIL,,24,,
ae24925f-7f4a-4816-b5bd-51cb59e86420,D-0376,03,ENEOS DIESEL PLUS CI-4 10W-30 (ไม่แถม),ENEOS,40001809,drawing/D-0376_rev03_1784710290764.pdf,40001809 D-0376 rev.03 ENEOS DIESEL PLUS CI-4 10W-30 (ไม่แถม).pdf,drawing,true,2026-07-22 08:51:33.983454+00,yeanyeen,2026-01-26,6 x 3 + 1 L.,ENGINE OIL,,24,4 years,
ae8e6f97-4d45-46bf-a1cd-062da67a0833,SM-OR-0027,00,PTT GL-1 #90 NP,PTTOR,404283,master/SM-OR-0027_rev0_1784271448065.pdf,404283 SM-OR-0027 rev.0 PTT GL-1 #90 NP.pdf,master,false,2026-07-17 06:57:30.606656+00,yeanyeen,2025-10-06,1 x 10 L.,GEAR OIL,พลาสติก,96,5 years,61653002B792A
b0353ff7-fccc-4721-a170-3d9138701343,D-0208,06,SUZUKI ECSTAR V7000 10W-40,ENEOS,40001443,drawing/D-0208_rev06_1784096728188.pdf,40001443 D-0208 rev.06 SUZUKI ECSTAR V7000 10W-40.pdf,drawing,true,2026-07-15 06:25:28.787676+00,yeanyeen,2024-09-20,1 x 24 L.,ENGINE OIL,,20,,
b1422466-91aa-416f-82c9-5d7d5c83cf62,D-0333,00,ENEOS FLUSHING OIL,ENEOS,40001713,drawing/D-0333_rev00_1784096098406.pdf,40001713 D-0333 rev.00 ENEOS FLUSHING OIL.pdf,drawing,false,2026-07-15 06:14:59.656158+00,yeanyeen,2021-06-24,6 x 3 L.,ENGINE OIL,,100,,
b172e797-b2cf-406d-95eb-59430c3bd46b,D-0261,00,ENEOS X 5W-40 SQ,ENEOS,40002053,drawing/D-0261_rev00_1783993630996.pdf,40002053 D-0261 rev.00 ENEOS X 5W-40 SQ.pdf,drawing,true,2026-07-14 01:47:12.138362+00,yeanyeen,2026-02-23,1 x 12 L.,ENGINE OIL,,55,4 years,
b24b5814-0961-45c3-97a7-689d4c02d06a,SM-ENTH-0014,00,DAIMOND ATF SP III,ENEOS,40000468,master/SM-ENTH-0014_rev0_1783570680443.pdf,40000468 SM-ENTH-0014 rev.0 DAIMOND ATF SP III.pdf,master,false,2026-07-09 04:18:05.07742+00,yeanyeen,2025-05-19,5 x 6 L.,GEAR OIL,ไม้,24,2 years,6023670E800A
b24b770c-95cb-4f1e-9bad-e3f51f29d8dc,D-0285,01,ENEOS DIESEL PLUS CI-4 10W-30-T-shirt 1pc,ENEOS,40001480,drawing/D-0285_rev01_1784096743237.pdf,40001480 D-0285 rev.01 ENEOS DIESEL PLUS CI-4 10W-30-T-shirt 1pc.pdf,drawing,true,2026-07-15 06:25:44.207659+00,yeanyeen,2021-10-18,6 x 3 + 1 L.,ENGINE OIL,ไม้,20,,
b282ddff-baf8-46b7-af90-29f79d3f1101,E-0073,01,ENEOS 4T SL/MB 10W-30 (Cambodia),ENEOS,40001692,drawing/E-0073_rev01_1784096090462.pdf,40001692 E-0073 rev.01 ENEOS 4T SL/MB 10W-30 (Cambodia).pdf,drawing,false,2026-07-15 06:14:51.703131+00,yeanyeen,2023-07-19,0.8 x 24 L.,ENGINE OIL,,24,,
b2ec25ee-5aab-4fec-8af4-e609e34d2fe3,D-0358,01,ENEOS X PRIME CVTF,ENEOS,40001798,drawing/D-0358_rev01_1784096111838.pdf,40001798 D-0358 rev.01 ENEOS X PRIME CVTF.pdf,drawing,true,2026-07-15 06:15:13.198887+00,yeanyeen,2024-10-31,4 x 4 L.,ENGINE OIL,,40,,
b360ae43-1396-4725-bd09-34c24b9b4d6d,SM-OR-0013,00,PTT MAX SPEED 4T NP (10/0.8L)(404038),PTTOR,404038,master/SM-OR-0013_rev0_1784528477343.pdf,404038 SM-OR-0013 rev.0 PTT MAX SPEED 4T NP (10/0.8L)(404038).pdf,master,true,2026-07-20 06:21:18.78853+00,yeanyeen,2025-09-05,0.8 x 10 L.,ENGINE OIL,พลาสติก,96,5 years,61851027A775A
b3d6ad2a-9af5-488a-8796-7fdcf65eaac0,D-0371,03,ENEOS 4AT MB+SCOOTER GEAR OIL+ PREMIUM,ENEOS,40001826,drawing/D-0371_rev03_1783929090193.pdf,40001826 D-0371 rev.03 ENEOS 4AT MB+SCOOTER GEAR OIL+ PREMIUM.pdf,drawing,true,2026-07-13 07:51:31.18952+00,yeanyeen,2025-01-10,0.8 x 12 + 120 L.,GEAR OIL,,40,,
b4baf386-cc21-4743-87a3-a36a81cbdc9e,D-0381,00,ENEOS GEAR OIL GL-5 80W-90,ENEOS,40001835,drawing/D-0381_rev00_1783929094708.pdf,40001835 D-0381 rev.00 ENEOS GEAR OIL GL-5 80W-90.pdf,drawing,true,2026-07-13 07:51:35.6237+00,yeanyeen,2023-05-24,5 x 4 L.,GEAR OIL,,32,,
b5454bbc-9242-4452-8f6a-8c8699804899,D-0289,01,ENEOS LSD Gear Oil 85W-140,ENEOS,40001556,drawing/D-0289_rev01_1784096752006.pdf,40001556 D-0289 rev.01 ENEOS LSD Gear Oil 85W-140.pdf,drawing,true,2026-07-15 06:25:52.59109+00,yeanyeen,2023-09-12,1 x 12 L.,GEAR OIL,ไม้,33,,
b5562390-2839-4cb5-a1de-a827448ac250,D-0209,06,SUZUKI ECSTAR V7000 10W-40,ENEOS,40001444,drawing/D-0209_rev06_1784096729001.pdf,40001444 D-0209 rev.06 SUZUKI ECSTAR V7000 10W-40.pdf,drawing,false,2026-07-15 06:25:29.671654+00,yeanyeen,2023-09-12,4 x 4 L.,ENGINE OIL,,40,,
b6a32681-ea69-4f3f-9fd9-2c38360a08bd,D-0428,01,ENEOS PREMIUM FULLY SYN COMMONRAIL 5W-30+POLO,ENEOS,40001954,drawing/D-0428_rev01_1783993639781.pdf,40001954 D-0428 rev.01 ENEOS PREMIUM FULLY SYN COMMONRAIL 5W-30+POLO.pdf,drawing,true,2026-07-14 01:47:20.856474+00,yeanyeen,2026-03-05,3 x 6 + 1 L.,ENGINE OIL,,18,4 years,
b7772799-f18d-4ff5-ad2c-08976d1c85cb,D-0428,01,ENEOS PREMIUM FULLY SYN COMMONRAIL 5W-30+POLO,ENEOS,40001954,drawing/D-0428_rev01_1783910434456.pdf,40001954 D-0428 rev.01 ENEOS PREMIUM FULLY SYN COMMONRAIL 5W-30+POLO.pdf,drawing,false,2026-07-13 02:40:36.414447+00,yeanyeen,2026-03-05,3 x 6 + 1 L.,ENGINE OIL,,18,4 years,
b82348a6-6877-428d-bd42-f68b98166141,SM-ENTH-0003,00,ENEOS COMMONRAIL PLUS DIESEL OIL CJ-4 10W 30,ENEOS,40001226,master/SM-ENTH-0003_rev0_1783926291637.pdf,40001226 SM-ENTH-0003 rev.0 ENEOS COMMONRAIL PLUS DIESEL OIL CJ-4 10W 30.pdf,master,true,2026-07-13 07:04:53.714054+00,yeanyeen,2025-04-22,1 x 24 L.,ENGINE OIL,ไม้,24,4 years,60231273B713A
b8a3f32e-ab72-44bd-aeec-3b640718a959,E-0068,00,ENEOS ULTRA PERFORMANCE 10W-50 EXPORT,ENEOS,40001808,drawing/E-0068_rev00_1784096119815.pdf,40001808 E-0068 rev.00 ENEOS ULTRA PERFORMANCE 10W-50 EXPORT.pdf,drawing,true,2026-07-15 06:15:21.080876+00,yeanyeen,2022-10-18,0.8 x 24 L.,ENGINE OIL,,20,,
b8ba954a-9ee9-4dfa-ba6f-68e5e5c5856b,D-0395,01,ENEOS X 5W-40 SP PREMIUM FULLY SYN+Pre,ENEOS,40001840,drawing/D-0395_rev01_1783931596736.pdf,40001840 D-0395 rev.01 ENEOS X 5W-40 SP PREMIUM FULLY SYN+Pre.pdf,drawing,true,2026-07-13 08:33:17.861806+00,yeanyeen,2024-10-08,4 x 4 + 1 L.,,,24,,
b8d83cca-771b-4238-97d1-651672d83cfc,D-0399,00,HONDA PSF-II,ENEOS,40001903,drawing/D-0399_rev00_1783931607439.pdf,40001903 D-0399 rev.00 HONDA PSF-II.pdf,drawing,true,2026-07-13 08:33:28.109958+00,yeanyeen,2023-12-15,1 x 24 L.,,,30,,
ba9cdaa3-8dbe-4c66-a313-dd12e22949af,E-0031,02,ENEOS 4T SG/MA 20W-50 (NOEA),ENEOS,40001582,drawing/E-0031_rev02_1784096755227.pdf,40001582 E-0031 rev.02 ENEOS 4T SG/MA 20W-50 (NOEA).pdf,drawing,true,2026-07-15 06:25:55.862515+00,yeanyeen,2024-09-05,1 x 24 L.,ENGINE OIL,,20,,
be0f0f7c-6abf-4be3-af93-8f9bd5d25175,D-0163,02,YAMALUBE 4MT MA 40,ENEOS,40001380,drawing/D-0163_rev02_1784096713897.pdf,40001380 D-0163 rev.02 YAMALUBE 4MT MA 40.pdf,drawing,true,2026-07-15 06:25:16.135171+00,yeanyeen,2020-12-18,0.8 x 12 L.,ENGINE OIL,,,,
c19e2ae8-58c1-40e0-83e1-da84298c0687,D-0094,00,Mitsubishi Genuine Engine Oil 0W-20 API SN (MZ320251),ENEOS,40002127,drawing/D-0094_rev00_1784773975489.pdf,40002127 D-0094 rev.00 Mitsubishi Genuine Engine Oil 0W-20 API SN (MZ320251).pdf,drawing,true,2026-07-23 02:32:58.888467+00,yeanyeen,2026-07-21,3 x 6 L.,ENGINE OIL,,36,2 years,
c274ea4f-c033-4228-98d3-460246fa5ec3,E-0082,00,ENEOS X PRIME 5W-30 (Export),ENEOS,40001947,drawing/E-0082_rev00_1783928233367.pdf,40001947 E-0082 rev.00 ENEOS X PRIME 5W-30 (Export).pdf,drawing,true,2026-07-13 07:37:14.327281+00,yeanyeen,2024-09-11,1 x 12 L.,,,,,
c393077b-1128-4ade-97e6-bb790961751c,D-0344,01,ENEOS X 0W-20 SP ECO FULLY SYN,ENEOS,40001766,drawing/D-0344_rev01_1784096104358.pdf,40001766 D-0344 rev.01 ENEOS X 0W-20 SP ECO FULLY SYN.pdf,drawing,true,2026-07-15 06:15:05.371348+00,yeanyeen,2023-12-15,1 x 12 L.,ENGINE OIL,,55,,
c52ccc4a-e3f0-4dd5-b048-1a9b9cf374f5,D-0374,02,ENEOS MOTO MA SAE 10W-40 + Premium,ENEOS,40001824,drawing/D-0374_rev02_1783929084803.pdf,40001824 D-0374 rev.02 ENEOS MOTO MA SAE 10W-40 + Premium.pdf,drawing,true,2026-07-13 07:51:25.797516+00,yeanyeen,2025-01-10,1 x 12 L.,,ไม้,50,2 years,
c58a56d4-c45b-402a-943e-e76cf19367db,E-0073,02,ENEOS 4T SL/MB 10W-30 (Cambodia),ENEOS,40001692,drawing/E-0073_rev02_1784096092178.pdf,40001692 E-0073 rev.02 ENEOS 4T SL/MB 10W-30 (Cambodia).pdf,drawing,true,2026-07-15 06:14:53.549545+00,yeanyeen,2024-09-05,0.8 x 24 L.,ENGINE OIL,,20,,
c5bebd4f-bec6-4933-82bb-407007a65e50,D-0247,00,ENEOS X 5W-40 SQ + P,ENEOS,40002052,drawing/D-0247_rev00_1783928517064.pdf,40002052 D-0247 rev.00 ENEOS X 5W-40 SQ + P.pdf,drawing,false,2026-07-13 07:41:58.093274+00,yeanyeen,2023-02-23,4 x 4 + 1 L.,,,24,4 years,
c6486df2-8b0f-48af-b703-7798d029dd4b,E-0031,02,ENEOS 4T SG/MA 20W-50 (NOEA),ENEOS,40001582,drawing/E-0031_rev02_1784096753745.pdf,40001582 E-0031 rev.02 ENEOS 4T SG/MA 20W-50 (NOEA).pdf,drawing,false,2026-07-15 06:25:54.3496+00,yeanyeen,2024-09-05,1 x 24 L.,ENGINE OIL,,20,,
c6647125-4803-4927-94cb-8919dbdf9c6a,D-0390,01,ENEOS X PRIME ATF,ENEOS,40001857,drawing/D-0390_rev01_1783931601305.pdf,40001857 D-0390 rev.01 ENEOS X PRIME ATF.pdf,drawing,false,2026-07-13 08:33:22.029951+00,yeanyeen,2024-05-29,4 x 4 L.,,ไม้,40,,
ca07a6fc-6d3d-4e93-8a09-efd4c68acb23,E-0080,00,ENEOS CVT FLUID (Export),ENEOS,40001945,drawing/E-0080_rev00_1783928230737.pdf,40001945 E-0080 rev.00 ENEOS CVT FLUID (Export).pdf,drawing,true,2026-07-13 07:37:11.668528+00,yeanyeen,2024-09-11,1 x 12 L.,,,,,
cab65c42-1af8-4a9d-af8c-c9847c3448e3,D-0398,01,ENEOS SCOOTER 4AT FULLY SYN 5W-40,ENEOS,40001887,drawing/D-0398_rev01_1783931606379.pdf,40001887 D-0398 rev.01 ENEOS SCOOTER 4AT FULLY SYN 5W-40.pdf,drawing,true,2026-07-13 08:33:27.216958+00,yeanyeen,2025-03-04,0.8 x 12 L.,,,55,4 years,
cb6bff0d-66d7-4a1f-96a8-c89f4b0b80de,D-0310,02,HONDA PROTECH 4T JASO MA 30 - ND (08232-2MAX1JT3),ENEOS,40001658,drawing/D-0310_rev02_1784088593417.pdf,40001658 D-0310 rev.02 HONDA PROTECH 4T JASO MA 30 - ND (08232-2MAX1JT3).pdf,drawing,true,2026-07-15 04:09:54.452236+00,yeanyeen,2023-08-10,1 x 12 L.,ENGINE OIL,พลาสติก,55,3 years,
cc290dcc-f61e-4f1f-b1b6-92a8ce8a3923,D-0389,00,ENEOS X PRIME ATF,ENEOS,40001856,drawing/D-0389_rev00_1783931600456.pdf,40001856 D-0389 rev.00 ENEOS X PRIME ATF.pdf,drawing,true,2026-07-13 08:33:21.143393+00,yeanyeen,2023-10-12,1 x 12 L.,,,50,,
cc368fb3-5334-47c0-b7fa-b037770b56e7,D-0206,00,20L. HONDA MARINE OIL 5W40 (08234-PPG4T3RO),ENEOS,40002125,drawing/D-0206_rev00_1784008948974.pdf,40002125 D-0206 rev.00 20L. HONDA MARINE OIL 5W40 (08234-PPG4T3RO).pdf,drawing,true,2026-07-14 06:02:32.968646+00,yeanyeen,2026-05-19,20 x 1 L.,ENGINE OIL,,,2 years,
cc3cfa79-721c-4cfb-83bc-64b14128fa35,D-0170,04,ENEOS 4AT MB 10W-40,ENEOS,40001406,drawing/D-0170_rev04_1784096716483.pdf,40001406 D-0170 rev.04 ENEOS 4AT MB 10W-40.pdf,drawing,true,2026-07-15 06:25:17.259117+00,yeanyeen,2021-07-22,0.8 x 12 L.,ENGINE OIL,,100,,
cc4f899a-30c9-4cc7-9d3d-3ca5d3444b8d,D-0385,01,ENEOS POWER 4T JASO MA 20W-40,ENEOS,40001811,drawing/D-0385_rev01_1783929078228.pdf,40001811 D-0385 rev.01 ENEOS POWER 4T JASO MA 20W-40.pdf,drawing,true,2026-07-13 07:51:19.630802+00,yeanyeen,2023-12-26,0.8 x 12 L.,,,55,,
cc6ae53e-ef84-4bfc-8bf3-0f0965702d03,D-0374,02,ENEOS MOTO MA SAE 10W-40 + Premium,ENEOS,40001824,drawing/D-0374_rev02_1783929083594.pdf,40001824 D-0374 rev.02 ENEOS MOTO MA SAE 10W-40 + Premium.pdf,drawing,false,2026-07-13 07:51:24.650238+00,yeanyeen,2025-01-10,1 x 12 L.,,ไม้,50,2 years,
cf99f934-bf60-4a85-9793-9fc39dcf7c50,D-0115,02,ENEOS GEAR OIL GL-5 75W-90,ENEOS,40001364,drawing/D-0115_rev02_1784096313464.pdf,40001364 D-0115 rev.02 ENEOS GEAR OIL GL-5 75W-90.pdf,drawing,true,2026-07-15 06:18:35.790014+00,yeanyeen,2022-04-28,1 x 12 L.,GEAR OIL,,,,
d0b3844a-be9f-464a-9373-e82ad2eda14f,D-0422,00,ENEOS LSD GEAR OIL 80W-90 (NOSE CONE),ENEOS,40001931,drawing/D-0422_rev00_1783931616531.pdf,40001931 D-0422 rev.00 ENEOS LSD GEAR OIL 80W-90 (NOSE CONE).pdf,drawing,true,2026-07-13 08:33:37.66232+00,yeanyeen,2024-10-31,1 x 12 L.,GEAR OIL,,40,,
d0e0cdee-759c-4177-9441-419fd6a88a71,D-0178,04,ENEOS DIESEL PLUS CI-4 10W-30,ENEOS,40001423,drawing/D-0178_rev04_1784096723158.pdf,40001423 D-0178 rev.04 ENEOS DIESEL PLUS CI-4 10W-30.pdf,drawing,true,2026-07-15 06:25:23.867316+00,yeanyeen,2024-09-25,1 x 12 L.,ENGINE OIL,,55,,
d48b38e4-d290-4964-9cfa-0acf0df5ec0f,E-0093,00,PRO HONDA STANDARD MA 10W30 (EXPORT),ENEOS,40002002,drawing/E-0093_rev00_1783928507150.pdf,40002002 E-0093 rev.00 PRO HONDA STANDARD MA 10W30 (EXPORT).pdf,drawing,false,2026-07-13 07:41:49.616569+00,yeanyeen,2025-05-08,1 x 12 L.,,,55,,
d51a4b6e-e987-440c-a802-da21c60ae17a,D-0318,03,ENEOS X PRIME 0W-20 + POLO,ENEOS,40001686,drawing/D-0318_rev03_1784096088054.pdf,40001686 D-0318 rev.03 ENEOS X PRIME 0W-20 + POLO.pdf,drawing,true,2026-07-15 06:14:50.12989+00,yeanyeen,2024-10-31,4 x 3 + 1 L.,ENGINE OIL,,18,,
d53418ed-a549-4c21-a598-76f41775f496,E-0066,00,ENEOS ULTRA RACING 10W-40 EXPORT,ENEOS,40001807,drawing/E-0066_rev00_1784096118354.pdf,40001807 E-0066 rev.00 ENEOS ULTRA RACING 10W-40 EXPORT.pdf,drawing,true,2026-07-15 06:15:19.476499+00,yeanyeen,2022-10-18,0.8 x 24 L.,ENGINE OIL,,4,,
d5d54fa2-3de9-4ef3-ab57-19178e4254ff,D-0363,00,YAMALUBE 2 OUTBOARD (BT204),ENEOS,40000173,drawing/D-0363_rev00_1783656625640.pdf,40000173 D-0363 rev.00 YAMALUBE 2 OUTBOARD (BT204).pdf,drawing,true,2026-07-10 04:10:28.082427+00,yeanyeen,2024-01-03,1 x 24 L.,,ไม้,20,3 years,
d76dbed4-a4e5-4b1a-b8ad-65911c33ad03,D-0344,00,ENEOS 0W-20 SP ECO FULLY SYN,ENEOS,40001766,drawing/D-0344_rev00_1784096102969.pdf,40001766 D-0344 rev.00 ENEOS 0W-20 SP ECO FULLY SYN.pdf,drawing,false,2026-07-15 06:15:03.996109+00,yeanyeen,2022-04-11,1 x 12 L.,ENGINE OIL,,12,,
d773c3d0-ad55-48f7-a50d-623da5136430,D-0227,01,20L. Super Hyrando 100T,ENEOS,40002056,drawing/D-0227_rev01_1783928520960.pdf,40002056 D-0227 rev.01 20L. Super Hyrando 100T.pdf,drawing,true,2026-07-13 07:42:02.32199+00,yeanyeen,2026-03-17,1 x 20 L.,,,,,
d7dd7a81-17c4-4ed4-9698-84b95418861f,D-0039,04,HONDA PROTECH ULTRA SL 10W30 MA,ENEOS,40001663,drawing/D-0039_rev04_1784096077359.pdf,40001663 D-0039 rev.04 HONDA PROTECH ULTRA SL 10W30 MA.pdf,drawing,true,2026-07-15 06:14:38.730207+00,yeanyeen,2024-03-21,1 x 12 L.,ENGINE OIL,,55,,
d8062a51-9fd6-4263-bb70-3a38c86406e2,D-0137,01,ENEOS TURBO FULLY SYN 5W40 ACEA A3/B4+POLO,ENEOS,40001373,drawing/D-0137_rev01_1784096420101.pdf,40001373 D-0137 rev.01 ENEOS TURBO FULLY SYN 5W40 ACEA A3/B4+POLO.pdf,drawing,true,2026-07-15 06:20:23.03846+00,yeanyeen,2023-08-22,1 x 6 L.,ENGINE OIL,ไม้,48,2 years,
d895a40b-8209-4ad4-bafc-bd9a74942896,E-0031,02,ENEOS 4T SG/MA 20W-50 (NOEA),ENEOS,40001582,drawing/E-0031_rev02_1784096754487.pdf,40001582 E-0031 rev.02 ENEOS 4T SG/MA 20W-50 (NOEA).pdf,drawing,false,2026-07-15 06:25:55.080545+00,yeanyeen,2024-09-05,1 x 24 L.,ENGINE OIL,,20,,
dbb26731-7f16-4fc2-a96e-6f2c70e318c1,SM-ENTH-0063,00,ENEOS DIESEL PLUS CI-4 10W-30 (40001809),ENEOS,40001809,master/SM-ENTH-0063_rev0_1784010013155.pdf,40001809 SM-ENTH-0063 rev.0 ENEOS DIESEL PLUS CI-4 10W-30 (40001809).pdf,master,true,2026-07-14 06:20:15.462376+00,yeanyeen,2025-10-01,6 x 3 + 1 L.,ENGINE OIL,ไม้,24,4 years,60231210A713A
dda8ddbd-d39b-43f7-8d3e-36a50bf66b82,D-0258,01,ENEOS ATF D3,ENEOS,40001592,drawing/D-0258_rev01_1784088575106.pdf,40001592 D-0258 rev.01 ENEOS ATF D3.pdf,drawing,false,2026-07-15 04:09:36.164085+00,yeanyeen,2023-10-04,4 x 4 L.,GEAR OIL,ไม้,40,2 years,
e05fc701-05d0-421f-b3bc-d221916a3902,SM-OR-0030,00,PTT GL-5 #140 NP (10/1L) (404293),PTTOR,404293,master/SM-OR-0030_rev0_1784528496263.pdf,404293 SM-OR-0030 rev.0 PTT GL-5 #140 NP (10/1L) (404293).pdf,master,true,2026-07-20 06:21:37.241353+00,yeanyeen,2025-11-03,1 x 10 L.,GEAR OIL,พลาสติก,96,5 years,616530488792A
e214a162-fe34-44d7-9392-bc6d2a0cc989,D-0249,01,ENEOS FLUSHING OIL,ENEOS,40001549,drawing/D-0249_rev01_1784096751313.pdf,40001549 D-0249 rev.01 ENEOS FLUSHING OIL.pdf,drawing,true,2026-07-15 06:25:51.892055+00,yeanyeen,2023-12-26,4 x 1 L.,ENGINE OIL,ไม้,40,,
e325a615-63a2-4484-bff0-33402a31c3a5,SM-OR-0035,00,PTT PERFORMA NGA 10W40 NP (4/4L.+1L)+2BOT,PTTOR,408803,master/SM-OR-0035_rev0_1784528499330.pdf,408803 SM-OR-0035 rev.0 PTT PERFORMA NGA 10W40 NP (4/4L.+1L)+2BOT.pdf,master,true,2026-07-20 06:21:40.655363+00,yeanyeen,2026-02-18,4+1 X 4 L.,ENGINE OIL,พลาสติก,32,5 years,61657002D911A
e3372631-1e64-405a-8b4f-dc30db7baad7,D-0178,04,ENEOS DIESEL PLUS CI-4 10W-30,ENEOS,40001423,drawing/D-0178_rev04_1784096722099.pdf,40001423 D-0178 rev.04 ENEOS DIESEL PLUS CI-4 10W-30.pdf,drawing,false,2026-07-15 06:25:22.941364+00,yeanyeen,2024-09-25,1 x 12 L.,ENGINE OIL,,55,,
e33beaf7-5ec4-4933-8c91-dbc4cb1cea7d,E-0084,00,ENEOS COMMONRAIL FULLY SYN 5W-30 CJ-4 (Export),ENEOS,40001694,drawing/E-0084_rev00_1784096093918.pdf,40001694 E-0084 rev.00 ENEOS COMMONRAIL FULLY SYN 5W-30 CJ-4 (Export).pdf,drawing,false,2026-07-15 06:14:54.909264+00,yeanyeen,2024-09-11,6 x 3 L.,ENGINE OIL,,,,
e3b5df0e-71ee-4d9f-8ee2-1aff4c20a315,D-0309,04,HONDA PROTECH ULTRA 10W-30 MB,ENEOS,40001667,drawing/D-0309_rev04_1784096086091.pdf,40001667 D-0309 rev.04 HONDA PROTECH ULTRA 10W-30 MB.pdf,drawing,true,2026-07-15 06:14:47.70696+00,yeanyeen,2024-12-02,0.8 x 12 L.,ENGINE OIL,,75,,
e5b2451b-b7fa-4fb1-9dbf-188f0ea6a76b,SM-VAL-0017,00,VALVOLINE CHAMP 4T SAE 20W-40 (250003)(CPAC),VALVOLINE,250003,master/SM-VAL-0017_rev00_1784796890025.pdf,250003 SM-VAL-0017 rev.00 VALVOLINE CHAMP 4T SAE 20W-40 (250003)(CPAC).pdf,master,true,2026-07-23 08:54:53.049077+00,yeanyeen,2025-09-07,0.8 x 12 L.,ENGINE OIL,ไม้,65,5 years,62101057C872A
e7f10014-dbf2-4480-9b1b-8a3891dea1e3,D-0309,03,HONDA PROTECH ULTRA 10W-30 MB,ENEOS,40001667,drawing/D-0309_rev03_1784096084125.pdf,40001667 D-0309 rev.03 HONDA PROTECH ULTRA 10W-30 MB.pdf,drawing,false,2026-07-15 06:14:45.775497+00,yeanyeen,2024-03-21,0.8 x 12 L.,ENGINE OIL,ไม้,75,,
e83ed4ed-f24a-4349-b3e3-5543b6db6aff,D-0306,00,ENEOS SUPER FULLY SYN COMMONRAIL 5W-30 (ไม่แถมเสื้อ),ENEOS,40001642,drawing/D-0306_rev00_1784088588303.pdf,40001642 D-0306 rev.00 ENEOS SUPER FULLY SYN COMMONRAIL 5W-30 (ไม่แถมเสื้อ).pdf,drawing,true,2026-07-15 04:09:49.322346+00,yeanyeen,2024-10-31,6 x 3 + 1 L.,ENGINE OIL,,24,,
ed0d21f5-b63c-4735-95f1-e81206aebf23,E-0085,00,ENEOS COMMONRAIL FULLY SYN 5W-30 CJ-4 (Export),ENEOS,40001944,drawing/E-0085_rev00_1783928229524.pdf,40001944 E-0085 rev.00 ENEOS COMMONRAIL FULLY SYN 5W-30 CJ-4 (Export).pdf,drawing,true,2026-07-13 07:37:10.58668+00,yeanyeen,2024-09-11,1 x 24 L.,ENGINE OIL,,24,,
f37846a8-400e-4813-867c-7cfda899f3cb,D-0428,01,ENEOS PREMIUM FULLY SYN COMMONRAIL 5W-30+POLO,ENEOS,40001954,drawing/D-0428_rev01_1783928237236.pdf,40001954 D-0428 rev.01 ENEOS PREMIUM FULLY SYN COMMONRAIL 5W-30+POLO.pdf,drawing,false,2026-07-13 07:37:18.229012+00,yeanyeen,2026-03-05,3 x 6 + 1 L.,,,18,4 years,
f3ea80be-51b3-4ce8-9b16-deadb0d5a08b,D-0424,00,ENEOS DEPOSIT CLEANER,ENEOS,40001962,drawing/D-0424_rev00_1783928238519.pdf,40001962 D-0424 rev.00 ENEOS DEPOSIT CLEANER.pdf,drawing,true,2026-07-13 07:37:19.80668+00,yeanyeen,2024-11-11,180 ML X 12,,,130,,
f4800bc6-d5a7-4eac-8573-35fbf937d9eb,D-0392,00,ENEOS TOP RACING SP 5W-30,ENEOS,40001880,drawing/D-0392_rev00_1783931603370.pdf,40001880 D-0392 rev.00 ENEOS TOP RACING SP 5W-30.pdf,drawing,true,2026-07-13 08:33:24.072653+00,yeanyeen,2023-12-12,1 x 24 L.,ENGINE OIL,,50,,
f5e554b4-49f7-49d5-8a2f-2ac1f400b874,E-0067,00,ENEOS ULTRA RACING 10W-40 EXPORT,ENEOS,40001805,drawing/E-0067_rev00_1784096115106.pdf,40001805 E-0067 rev.00 ENEOS ULTRA RACING 10W-40 EXPORT.pdf,drawing,true,2026-07-15 06:15:16.28508+00,yeanyeen,2022-10-18,1 x 24 L.,ENGINE OIL,ไม้,30,,
f60bba77-e873-4f0e-a792-fe63be1791eb,D-0332,00,METAL CAN YAMALUBE SN MB 10W-40 Full syn+Premium,ENEOS,40001726,drawing/D-0332_rev00_1784096101442.pdf,40001726 D-0332 rev.00 METAL CAN YAMALUBE SN MB 10W-40 Full syn+Premium.pdf,drawing,true,2026-07-15 06:15:02.617067+00,yeanyeen,2021-06-08,1 x 12 L.,ENGINE OIL,,,,
f80112dc-f2f5-4ca4-bcf7-e011660c1728,SM-OR-0010,00,PTT V-120 #40 NP,PTTOR,404106,master/SM-OR-0010_rev0_1784528143138.pdf,404106 SM-OR-0010 rev.0 PTT V-120 #40 NP.pdf,master,true,2026-07-20 06:15:46.073978+00,yeanyeen,2025-10-11,1 x 10 L.,ENGINE OIL,พลาสติก,96,5 years,61651014B792A
f84c42eb-f851-4f72-ae7f-e58d52fe85db,D-0259,03,Tri Petch Genuine Gear ATF3309 (985531919B),ENEOS,40001606,drawing/D-0259_rev03_1784088581649.pdf,40001606 D-0259 rev.03 Tri Petch Genuine Gear ATF3309 (985531919B).pdf,drawing,true,2026-07-15 04:09:42.623588+00,yeanyeen,2025-01-29,1 x 12 L.,GEAR OIL,,55,,
f91e234a-e047-40b0-a9c6-c5d89bdc1b02,D-0265,00,ENEOS X 0W-20 SQ,ENEOS,40002050,drawing/D-0265_rev00_1783928514611.pdf,40002050 D-0265 rev.00 ENEOS X 0W-20 SQ.pdf,drawing,true,2026-07-13 07:41:55.621983+00,yeanyeen,2026-01-26,1 x 12 L.,,,50,4 years,
fae1284f-ae0c-4389-ba9a-1ff3d6e80252,D-0417,01,ENEOS SUPER FULLY SYN COMMONRAIL 5W-40+PREMIUM,ENEOS,40001939,drawing/D-0417_rev01_1783928224125.pdf,40001939 D-0417 rev.01 ENEOS SUPER FULLY SYN COMMONRAIL 5W-40+PREMIUM.pdf,drawing,false,2026-07-13 07:37:05.390979+00,yeanyeen,2025-03-04,3 x 6 + 1 L.,,,24,4 years,
fbc43082-f964-49cc-a466-17184fd9703e,D-0272,02,C2 OIL,ENEOS,40002100,drawing/D-0272_rev02_1783993466746.pdf,40002100 D-0272 rev.02 C2 OIL.pdf,drawing,false,2026-07-14 01:44:30.497384+00,yeanyeen,2026-07-09,200 L.,ENGINE OIL,ไม้,4,5 years,
fd843cbe-11b0-4d55-b818-8251d90b205f,D-0379,01,ENEOS X PRIME 5W-30 +POLO,ENEOS,40001837,drawing/D-0379_rev01_1783931591965.pdf,40001837 D-0379 rev.01 ENEOS X PRIME 5W-30 +POLO.pdf,drawing,false,2026-07-13 08:33:14.524606+00,yeanyeen,2023-12-26,4 x 4 + 1 L.,ENGINE OIL,,24,,
fe23ab22-6cd9-401a-9dba-772162dfc129,D-0388,00,HONDA MARINE OIL (08233-H99K4LT3),ENEOS,40001885,drawing/D-0388_rev00_1783931605409.pdf,40001885 D-0388 rev.00 HONDA MARINE OIL (08233-H99K4LT3).pdf,drawing,true,2026-07-13 08:33:26.090619+00,yeanyeen,2023-10-10,4 x 4 L.,ENGINE OIL,,,,
feafa680-7392-4cd9-bfaa-1d0053a409b1,SM-OR-0011,00,PTT MAX OUTBOARD NP (10/1L),PTTOR,404213,master/SM-OR-0011_rev0_1784528472377.pdf,404213 SM-OR-0011 rev.0 PTT MAX OUTBOARD NP (10/1L).pdf,master,true,2026-07-20 06:21:15.769702+00,yeanyeen,2025-10-06,1 x 10 L.,ENGINE OIL,พลาสติก,96,3 years,61656508A792P
ff4b6c78-029b-4097-a3d2-38b2af155eec,D-0121,02,HONDA FINAL GEAR OIL,ENEOS,40001665,drawing/D-0121_rev02_1784096080695.pdf,40001665 D-0121 rev.02 HONDA FINAL GEAR OIL.pdf,drawing,false,2026-07-15 06:14:42.164579+00,yeanyeen,2022-03-08,0.18 x 24 L.,GEAR OIL,,,,
ff97e2c8-1093-4325-82e3-a6d0a03e071b,D-0406,01,"ENEOS X PRIME 5W-40 API SP, ACEA C3-21 +POLO",ENEOS,40001912,drawing/D-0406_rev01_1783931608288.pdf,"40001912 D-0406 rev.01 ENEOS X PRIME 5W-40 API SP, ACEA C3-21 +POLO.pdf",drawing,false,2026-07-13 08:33:28.988076+00,yeanyeen,2025-01-29,4 x 4 L.,,,24,,
ffc48e08-5e5e-4e7d-b975-dec8c732b163,D-0282,01,ENEOS TOP RACING SN 10W-30,ENEOS,40001447,drawing/D-0282_rev01_1784096738929.pdf,40001447 D-0282 rev.01 ENEOS TOP RACING SN 10W-30.pdf,drawing,true,2026-07-15 06:25:39.569042+00,yeanyeen,2022-04-28,1 x 12 L.,ENGINE OIL,,100,,